,barcode
13199,d2_3:GCGCTGATTAGCCTCG
13210,d2_3:CGTTGCCTCACAGTTT
13226,d2_3:TCGTGGGTCGTCAGCA
13235,d2_3:TGCGACTATAACCCGT
13256,d2_3:GTTGTCCGTAACCATC
13258,d2_3:CATGCTGCCGCTAATA
13259,d2_3:TAAGGGCCTGAGGTCT
13260,d2_3:CCGACTTTCTTCTTCG
13266,d2_3:CGTCGAATTTCCGAGT
13274,d2_3:ATTATTCGTCCTTATT
13291,d2_3:GGAGGTTTAGTTTAGA
13300,d2_3:CACAACCTCCTGACAC
13302,d2_3:CGGACTAAGGGTTGGT
13313,d2_3:AGCACGTAAAAGTCGG
13314,d2_3:TCCGACACTCGTCATG
13322,d2_3:TGCCGGTATGGCTACC
13341,d2_3:GTCTGGAACCTATTCA
13350,d2_3:CATTCGGGATGGGCAC
13352,d2_3:CAGGTTGCAGATGGCT
13353,d2_3:TAATCCATGCCACATC
13361,d2_3:ACCGTCGACAGATTAC
13366,d2_3:TCGACTGCCCCATCTG
13371,d2_3:CTCCTCCAGTAACGTT
13375,d2_3:TGTTATCATCTGTGGT
13389,d2_3:GTCCTTGCTTTGTGTC
13401,d2_3:GAGCGGAACTCGATGC
13407,d2_3:CCAGCGAACACGGACT
13418,d2_3:CACAAGTACACTTTCT
13419,d2_3:CTCCTCCACGAACGTA
13434,d2_3:CTGCTAGAGCCAAGAT
13437,d2_3:GATTAAAGTAGTGTTT
13456,d2_3:TCCAGAAGCTCAGAAT
13463,d2_3:ACGACGACGCTTACCT
13483,d2_3:ACTTCGCTGCACCTCT
13484,d2_3:GGCGACAACTGCGTTG
13489,d2_3:TAGGTACGACTGAGTT
13495,d2_3:AATAAGGAGAAGCACT
13498,d2_3:CAGATGGGTACTTGTG
13506,d2_3:ACGGTTGGTTGAGGGT
13512,d2_3:CTCAAACAAGGAGCTT
13523,d2_3:GGAAGTCCCACAAGGC
13525,d2_3:TATCCACGTGCTCCGT
13526,d2_3:CGTGTGTTAGCAGAAC
13558,d2_3:TGCCGGTAACATCTAT
13562,d2_3:AAGGCGCTACCACGCT
13567,d2_3:GCTTCTCCCTCAGAAT
13588,d2_3:TAACTTCTAGAACGGG
13592,d2_3:ACTGCTGGGCACCTCT
13609,d2_3:AAACGTGATCACGTTT
13611,d2_3:CCCTTGCACTGCGTTG
13614,d2_3:ATCGCGCTATCAAGTG
13616,d2_3:ACCCTCAACTTGGTGT
13621,d2_3:TGAATAGGTGCGTATC
13639,d2_3:ACAAGTAGCCTGACAC
13642,d2_3:AGAGAGACCCCTTCAG
13652,d2_3:CGTGGGATTCACCGAG
13656,d2_3:AGCGTGGTAGCAGAAC
13663,d2_3:CTGGGTATGCAGTCGA
13678,d2_3:CCTATTTACCCGACTT
13681,d2_3:CGATCCAACTCAGAAT
13697,d2_3:TAGCGGATGCAGGGTA
13719,d2_3:GGAACGAAAAAGCCTA
13725,d2_3:TCGACTGCAGCGTAGG
13742,d2_3:TCTATTCCCGGGCTTT
13752,d2_3:CACAACCTGATCTCGG
13760,d2_3:TAACTTCTTACTTGTG
13763,d2_3:GCATCGAGTAACCCGT
13765,d2_3:GTCCGTCACGTGGATA
13769,d2_3:AATCGAAGGGAAACAG
13780,d2_3:ACAAAGATCTCTTGAC
13786,d2_3:GAAAGACAAGAGGTGG
13803,d2_3:GATTAAAGCGACTCCT
13804,d2_3:CAAGGTACCTGTCTGG
13816,d2_3:GGAGTAAGCCCTTCAG
13817,d2_3:AAGTCGGGCTGCGTTG
13824,d2_3:CGGTGAGTCTACTTGT
13827,d2_3:GGTTACACATCCCACG
13839,d2_3:GCTTCTCCATACTCTT
13842,d2_3:CGTGTACACTCGCGTA
13876,d2_3:GCACTCAGTCATCCTT
13879,d2_3:AATGTATGAAACTCGA
13880,d2_3:ACGGGTTATGGTATGA
13882,d2_3:CTGTTGTGTATTGCCT
13887,d2_3:TAGATCAATAACCCGT
13892,d2_3:TCATACCAAAAGTCGG
13895,d2_3:TCGTGGGTGCGCATTC
13897,d2_3:TGGGAATTCTTACGGG
13911,d2_3:GCTTCTCCTCATCCTT
13913,d2_3:TACCCTGCAGCTACGG
13933,d2_3:ATTGAAGTTCCCTGAT
13940,d2_3:TGCTGACGTTGAGGGT
13941,d2_3:GTCCGTCATCGACGGT
13964,d2_3:CGAAACTCGCATGGGT
13966,d2_3:ATCAATCGATGACTTT
13981,d2_3:CACAACCTGTGGAGCT
13989,d2_3:TCTTTGACACGTATAC
13991,d2_3:AATGTATGTAGCCTCG
14007,d2_3:TACCTAAGGTGGAGCT
14009,d2_3:CTCACATCCTATAGAG
14011,d2_3:TAGCGGATCACGGACT
14018,d2_3:GCATCGAGGTTCAACT
14019,d2_3:GTCAGGTTAATCGGGT
14020,d2_3:ACGAATTCAAACTCGA
14038,d2_3:AATATGACCGTGCTAG
14040,d2_3:AGGACACATTCGTTCC
14061,d2_3:ACGGAGCACTTACGGG
14076,d2_3:GCTAAGTTTCTAGCAG
14087,d2_3:GTCAAGAGTTGATTCT
14089,d2_3:AGCATGCCTCGACACC
14097,d2_3:GAGGGTCAAAGATTGT
14099,d2_3:TGAGAGCGGCAACCTG
14106,d2_3:AATGTATGCCTGACAC
14125,d2_3:CACTAACCCGGGCTTT
14128,d2_3:CGAGGCTAACTAGCCA
14129,d2_3:AGAGGTGCAAAGTCGG
14159,d2_3:TGACGTCGAGGCAACG
14184,d2_3:GCATCACTACTGAGTT
14199,d2_3:ATTCTGAGCGACTCCT
14213,d2_3:CGTGCAACCTGTCTGG
14214,d2_3:AACAGCGGGCTTTGGC
14220,d2_3:GGATTGTTGAATTCGT
14224,d2_3:ACGGGTTAATGACCGA
14226,d2_3:AGAGGTGCCTGGTGCA
14227,d2_3:CTAGACTAAGCTACGG
14238,d2_3:AGGACACAACGTATAC
14247,d2_3:ATTGAAGTAGTGATGC
14268,d2_3:GCCTTGTGGGTCACAG
14277,d2_3:CCACCTCTATGGGCAC
14288,d2_3:CAATTCTCAGGCAACG
14310,d2_3:AGCAACGCACATCTAT
14327,d2_3:GATTTCCCAGTGATGC
14336,d2_3:CAAACATTATCCGCTA
14348,d2_3:ATCCGCATTTCCGAGT
14352,d2_3:GGATTGTTCGGGCTTT
14362,d2_3:GCTACCGTTCGGTTCG
14363,d2_3:TAGGCTTTAGCGCGAT
14374,d2_3:CTGGGTATATGACCGA
14384,d2_3:CTGTCGCAACTCACCG
14385,d2_3:CCTTTACATAGAAATG
14387,d2_3:AACAGCGGTACGTGCT
14395,d2_3:AGCGTGGTGAAGCACT
14410,d2_3:AACGATTTACGGTAGC
14420,d2_3:GGTTACACAAACGCCT
14423,d2_3:ACGGGTTAGCATGGGT
14449,d2_3:GGTCTTTCGAGCCCAT
14452,d2_3:AAGTATTGCCGTGTTT
14456,d2_3:AATCGAAGTAACCATC
14471,d2_3:GTCCGTCAGGGAAGGT
14492,d2_3:GTACGGACTTGAGGGT
14497,d2_3:GAATCCCAATTGGGCC
14502,d2_3:ATTATTCGCTACTTGT
14508,d2_3:GACACCTGGCACCTCT
14511,d2_3:ACGCTTAATGCCATCG
14521,d2_3:GCCAACATTCATCCTT
14522,d2_3:TGGACGGAGATGTATT
14532,d2_3:GATTACTTTGGCCTGT
14544,d2_3:GATTTCCCGTACCTTG
14549,d2_3:GGTAGCCACATCGCAG
14566,d2_3:TGCTTCATTTGGATCG
14584,d2_3:GAAATACGCGGCTTAC
14589,d2_3:CCAGCGAACGAACGTA
14606,d2_3:GAATCCCATTCACATA
14613,d2_3:AAACAAACTTCGGCCT
14615,d2_3:TCGAGTTTCAATACTT
14637,d2_3:GTTGTCCGTTAGTCCG
14675,d2_3:ATTACCTTCTACCGTT
14701,d2_3:CGGCTGTAAGGAGCTT
14703,d2_3:CTCACATCATGGGCAC
14714,d2_3:GTCCGTCAAAAGTCGG
14725,d2_3:TAATGTGGCGTCAGCA
14726,d2_3:TGGTGTCTTTAAGCGT
14736,d2_3:AAGTTGTCGGGAACCT
14741,d2_3:AAATTCCGGTCCATGT
14749,d2_3:ACATCTCGTTATCTGT
14775,d2_3:TCAAATGGTGAAATGA
14778,d2_3:TCAGCCTCCGGAATTT
14785,d2_3:AGTAATGGACCCATAT
14807,d2_3:TACGCGAGACACTAAG
14810,d2_3:GGGAGATGAACCCTTG
14814,d2_3:GCAAACTGCCCGAATG
14845,d2_3:TGCGACTATCCAGGGA
14848,d2_3:GGATTGTTTGTAAAGG
14861,d2_3:GCCTGGTATTTACCCT
14868,d2_3:AAGAACAGGTGTCGGA
14903,d2_3:CAATCTAGGGATAAAG
14909,d2_3:GTATTGACGTCTCTCT
14930,d2_3:TCAAATGGGCCTCTTT
14936,d2_3:TCCCTGGAACGCCATT
14942,d2_3:TCATTTCAAAGGTAAT
14964,d2_3:GCATCACTAATGACCC
14968,d2_3:TGAATCCTAAGATTGT
14978,d2_3:CTTTGGACCACTCCTC
14982,d2_3:AGACGAGGAAATCAGA
14985,d2_3:GTCAAGAGCGGGTAGT
14987,d2_3:GAAAGACACAAGTCAT
14991,d2_3:AGAAAGTGATCTTTGT
14997,d2_3:GACACAAATGTGTCCT
15006,d2_3:ACCTTCCCATTCGACG
15012,d2_3:GACACAAAGGGCCAAT
15032,d2_3:GCAAACTGTTGCATAT
15056,d2_3:CCCTGTTTTGACGGAC
15066,d2_3:TATCCACGAGCACCAC
15077,d2_3:ATGTGCCGCCTCGTCT
15084,d2_3:TAGTCTCTCGGAATTT
15089,d2_3:AAGTATTGATCAAGTG
15097,d2_3:GGAAGTCCGAAGCACT
15119,d2_3:ACGGGTTACGTAGAAG
15123,d2_3:AACGATTTACTTCAAT
15155,d2_3:AGTTGAACACTGAGTT
15170,d2_3:CTAACGCCACTAGCCA
15171,d2_3:ATCAATCGATGCATGG
15182,d2_3:CGGACTAAGTAATCCC
15198,d2_3:GTGCCCATGAAGCACT
15207,d2_3:AGAATCAATGTCTTTC
15214,d2_3:AGGCGTTTAGGAAGAC
15216,d2_3:GCTATGGGTGCAAGGG
15240,d2_3:AATGGCGTAGGAGCTT
15241,d2_3:TGGGAATTGCACCTCT
15266,d2_3:GTCCGTCACAATACTT
15298,d2_3:ACGGAGCACCAACCGT
15307,d2_3:CTGGGTATGGCCTAAG
15331,d2_3:AAACACTAACATCTAT
15336,d2_3:CTGTTTCCTCGAAGCT
15345,d2_3:ACTGCTGGGCCACATC
15352,d2_3:TACTGAATTAACCCGT
15358,d2_3:GCTATGGGGCATGGGT
15360,d2_3:TATGTGAATGGAGGAG
15363,d2_3:GACTAGCGAGCTACGG
15368,d2_3:GAGAAACCTAAATAGG
15369,d2_3:GGCGACAATGTGCTCA
15394,d2_3:TCTTTGACACTAGGAT
15426,d2_3:CTCCTCCACACTTTCT
15432,d2_3:CTGGAACACCAACCGT
15436,d2_3:GATACGCATCATCCTT
15439,d2_3:ATTCTGAGTGTGCTCA
15446,d2_3:TCTGATTTCGAGATGT
15457,d2_3:GTTGTCCGTTATCTGT
15461,d2_3:CTTTATCCGCACCTCT
15462,d2_3:TGAGAGCGAAGCTTCT
15470,d2_3:AATAAGGAACTGCCGT
15471,d2_3:CAAGGAATAAGATTGT
15490,d2_3:ACCCGATTCCTCGTCT
15498,d2_3:CTGTCGCAAGGCAGTT
15508,d2_3:GTTACTAGGATGTGAG
15522,d2_3:TAACTTCTGCAGGGTA
15526,d2_3:AGTCACAAATATACCT
15535,d2_3:GCTATGGGGGCATGCT
15537,d2_3:CCGTCTTACTTGGTGT
15550,d2_3:TAGTAGCCAGGATTCA
15558,d2_3:CCGACTTTATGCGGAT
15563,d2_3:CTGTTGTGGCCGGATT
15564,d2_3:AGGTTCCCTGTGCTCA
15565,d2_3:GTGCGAAGCCCATCTG
15590,d2_3:GCAAACTGGGCTACTA
15596,d2_3:GAGGGTCAAATCGGGT
15597,d2_3:TAGCGGATTCATCCTT
15614,d2_3:ACATGGACTTATAGCC
15620,d2_3:CGAAGAAGCAGTCCCT
15628,d2_3:CCCTTGCAAGCGCGAT
15632,d2_3:GTCTTCCTCTCAGAAT
15643,d2_3:CCCGTAAGGATTGCGA
15653,d2_3:AGAAACCATTAGTCCG
15655,d2_3:AAACGATCATATCTTC
15665,d2_3:ACTAATTGACGGTAGC
15667,d2_3:CGAAGAAGGGTCCCTT
15678,d2_3:TCAAGGCGCTAGTAAC
15704,d2_3:AACGCCAATCCCTGAT
15707,d2_3:CTTTCACTGGTCCCTT
15712,d2_3:GGGCATCATGCCATCG
15716,d2_3:ATCAATCGACCTTCTT
15720,d2_3:GTAAGCCGTCTCACTT
15721,d2_3:TCCTATATCAATACTT
15739,d2_3:ATCAATCGGGGTTGGT
15741,d2_3:CTCTATAGCAAGAGGG
15747,d2_3:GGACTGGATTTACCCT
15760,d2_3:GAGGAGTGATTCGACG
15789,d2_2:GATGGTTATCCAGTCC
15790,d2_2:TCGACTGCGAAGGCTT
15808,d2_2:GGCGACAACGTATTTC
15814,d2_2:GCTACCGTTAGCCTCG
15817,d2_2:CTGTTGTGCGTATCGG
15821,d2_2:GCATCACTTCATATGG
15826,d2_2:ATATGCAACACAAGGC
15830,d2_2:GGGATTACTCGAAGCT
15842,d2_2:GAGGGTCAATATGCAT
15846,d2_2:TACCGCTCTTGGACTT
15852,d2_2:TCCGCTGTGGTCTGAC
15855,d2_2:AGAGAGACCCCTAACC
15858,d2_2:GTTGTCCGCGACTCCT
15865,d2_2:TAGTAGCCGATTTACC
15881,d2_2:CCACCTCTGGGTGTAT
15889,d2_2:CTCAAACAAAATCAGA
15901,d2_2:CTCACATCCTATAGAG
15912,d2_2:AAACTACATTGCATAT
15929,d2_2:TAGTAGCCAACCCTTG
15941,d2_2:CTGTTGTGCCAACCGT
15944,d2_2:GGGAGATGACGGTAGC
15945,d2_2:ATAGATGTTCACGTTT
15953,d2_2:GGGATTACGCAGTCGA
15954,d2_2:ACGGGTTACCAGCAGT
15958,d2_2:TAAGGGCCTGACCCTC
15959,d2_2:GTCCACTATAGTGTTT
15965,d2_2:CTGCGATGGAAGGCTT
15988,d2_2:AAGTATTGTTAAACTG
16007,d2_2:TACCCTGCTACTTGTG
16008,d2_2:ATTGAAGTACCTTGCC
16013,d2_2:CATTTCTATTCCGCTC
16014,d2_2:CGTGTACATAGTGGAC
16032,d2_2:TAGTCTCTAGAACGGG
16037,d2_2:CCACCTCTGTTGTCAT
16044,d2_2:GGCGACAATGTGTCCT
16045,d2_2:CCTTTGTCAATCGGGT
16048,d2_2:CTGTCGCAAGCGCGAT
16051,d2_2:GGATTGTTGTTGCACG
16066,d2_2:CTTCTACGATACCCAG
16089,d2_2:CAAACATTCACAGTTT
16095,d2_2:AGCTCCACAAACAGGG
16098,d2_2:ACTGCTGGCCCTTGGT
16107,d2_2:GTTACTAGATCTTTGT
16119,d2_2:ATATGGGTCCCATAGC
16125,d2_2:CTTTCACTCGTACCTA
16155,d2_2:GTATTGACGACAACTT
16160,d2_2:GACACAAACGATTGAT
16162,d2_2:CTGAGCGTGAGAGTAT
16173,d2_2:ATGTGCCGTAGCCTCG
16174,d2_2:TGCGACTACCCATAGC
16179,d2_2:TACCTAAGGGTCCCTT
16187,d2_2:GCAAACTGGGTGACAC
16196,d2_2:ATTCTGAGTACGTGCT
16203,d2_2:GTAAACAAATATACCT
16207,d2_2:CGTTGCCTAACCTGAC
16228,d2_2:GGCAAGGTAGCGTAGG
16230,d2_2:ATACACCCTCCAGGGA
16231,d2_2:ACTAGAGCAGTGAAAG
16253,d2_2:TCGAGTTTTCCTTATT
16255,d2_2:ATAAGCTAGGGTTGGT
16257,d2_2:GTTACTAGCCCAAGCA
16264,d2_2:CGTGTACACTCGCGTA
16275,d2_2:GGTTGAGAATACTCTT
16277,d2_2:GCTAAGTTCTAGACCC
16297,d2_2:GAATGCGCACGGTAGC
16318,d2_2:AACAGCGGTCGAAGCT
16331,d2_2:AGGCCGAATGCCTCAC
16332,d2_2:CATTTCTATCCTTATT
16347,d2_2:AATCGAAGTTGGATCG
16350,d2_2:TAAGGGCCCCAGCAGT
16357,d2_2:GAGCGGAAATGACTTT
16393,d2_2:ACAGATAAGGGTGTAT
16398,d2_2:TAGTCTCTGTCGTCGT
16415,d2_2:GGTTACACAGCTACGG
16424,d2_2:ACGTAAACCAGATTAC
16428,d2_2:ATACTCTCTGTGCTCA
16432,d2_2:TCCGACACACGCCATT
16435,d2_2:AAGTGAGATGGCCTGT
16447,d2_2:GGTAAATCTGACCCTC
16461,d2_2:TCGAGTTTTGTAAAGG
16470,d2_2:GATGGTTAATACCCAG
16479,d2_2:ATCTTGGCTACCGGCA
16492,d2_2:TGGACGGATCATCCTT
16512,d2_2:TGAATCCTTCGACACC
16519,d2_2:AAGTGAGAAGAAGTTA
16520,d2_2:GTCAAGAGGTAACGTT
16530,d2_2:TCCGCTGTGAAAGACC
16532,d2_2:TCCGCTGTTCTAGCAG
16543,d2_2:GAGTGTACTTCCAGAC
16550,d2_2:AAAGAGGCTTAGTCCG
16555,d2_2:GTGCGAAGAGAAGTCC
16559,d2_2:GTCAGGTTCTGTCTGG
16565,d2_2:CCAGCGAATTAAACTG
16567,d2_2:TGAATCCTGACAACTT
16570,d2_2:TCATTTCAAACCTGAC
16574,d2_2:CATTCGGGCGTGGATA
16579,d2_2:AATCGAAGCATTTGTT
16582,d2_2:TATTAGCGGGCGTTAG
16588,d2_2:GAATCCCACGACGTCA
16593,d2_2:CACAACCTCAATTAGT
16606,d2_2:GGCTTTGCCAAGAGGG
16611,d2_2:ACTACCCGGGCGGTTT
16632,d2_2:GAAGATATCGAACGTA
16641,d2_2:CCCTGTTTACGCCATT
16647,d2_2:CCACCTCTTCCAGGGA
16650,d2_2:TAGTCTCTGGGTTGGT
16660,d2_2:CCCTCTTGCCAACCGT
16663,d2_2:CCCTGTTTAGACACCA
16669,d2_2:CGAACCGACTAGTAAC
16673,d2_2:CAATCTAGTAAGACGG
16679,d2_2:CGTGGGATTCCCTGAT
16693,d2_2:CTCCTCCAGCTTTCCA
16697,d2_2:TCAAATGGTGACGGAC
16710,d2_2:ACCAACCCGTTGCACG
16723,d2_2:CGAAACTCCGCTAATA
16725,d2_2:AAGTCCAAGATTGCGA
16735,d2_2:TCTATTCCGCGCATTC
16779,d2_2:ATCGTAACACTGCCGT
16785,d2_2:TATCTGTCTACCGGCA
16790,d2_2:GCACTCAGGTTCAACT
16799,d2_2:GAAAGACATGTTCCAG
16801,d2_2:GCCTGGTACGTGGATA
16804,d2_2:ATTCTGAGTTAGGACC
16809,d2_2:AGAGGTGCGCGCATTC
16822,d2_2:TGTTATCAGGTGACAC
16824,d2_2:CGGCTGTATCGTCATG
16832,d2_2:AGACCTCACATCGCAG
16833,d2_2:GATTGGGATCACGTTT
16836,d2_2:GCCAAAGCGGGTGTAT
16861,d2_2:GTCCGTCACTGTCTGG
16878,d2_2:AAGTCGGGTGTCTTTC
16883,d2_2:CTTCTACGCGTGGATA
16894,d2_2:TGGGAATTTTGCACGC
16905,d2_2:AAAGTCATTGCCTCAC
16908,d2_2:AAGTATTGCTTAGGTA
16911,d2_2:TAGGTACGAAGTAATC
16919,d2_2:GTCAGACCACTAGCCA
16922,d2_2:TCCAGAAGAACTTAGC
16950,d2_2:CTTTATCCCCCTTGGT
16977,d2_2:CGGCTGTAAGAAGTTA
16984,d2_2:GCAAACTGTTCGCTGG
16990,d2_2:ACAGATAAGCAGCATG
16993,d2_2:CTCTGCGTGAGAGTAT
17006,d2_2:TCATAGCTGATTAGAC
17015,d2_2:GGGCATCAGATGTATT
17022,d2_2:TCAGCCTCAGAAGTCC
17024,d2_2:GTCCTTGCGTCCAAAG
17032,d2_2:AATCGTTCCATACATT
17066,d2_2:TGGCTAGTGAGCCCAT
17086,d2_2:CCTTTACAACTTCAAT
17092,d2_2:TCGACTGCGGCATGCT
17104,d2_2:AGTTGCGGCCCGACTT
17105,d2_2:ACTTCGCTGTCATATT
17111,d2_2:TACCCTGCAGACACCA
17116,d2_2:GTTACTAGACTTCAAT
17120,d2_2:ATCCGCATCCGTGTTT
17124,d2_2:CTCCTCCAATCAAGTG
17143,d2_2:GGCGACAAGAGTTCAC
17148,d2_2:GTCAAGAGCCTGTTAT
17153,d2_2:GCAAACTGTCCCGTAG
17155,d2_2:ACTAATTGCGGCTTAC
17160,d2_2:CAAGGAATCAATACTT
17188,d2_2:CGATGGCAAGAGGTGG
17193,d2_2:CCGAGATCGGTGGGAT
17198,d2_2:CCGACTTTTAGCTTAT
17218,d2_2:ATATGCAATCATCCTT
17228,d2_2:GCGTGCAATGGTTTCT
17230,d2_2:CTGAAGGGGTCCATGT
17234,d2_2:GGGTCTAGTGCGACAG
17237,d2_2:GTGTCACCTAACCCGT
17248,d2_2:CCTATTTAGGTTAGTG
17249,d2_2:CGTGCAACCACAACAG
17278,d2_2:GGATTGTTGGTGACAC
17287,d2_2:AATCGAAGTTTAACAG
17292,d2_2:CGAAGAAGGGCGGTTT
17294,d2_2:AAACAAACGATTAGAC
17343,d2_2:TGCTTGGGGGTCCCTT
17366,d2_2:CCGAGATCTAACTACT
17379,d2_2:TACGCGAGCGTATTTC
17383,d2_2:CTGCTAGATGCTATTT
17386,d2_2:GTCAGACCAATCGGGT
17388,d2_2:AGGCCGAAACGTATAC
17415,d2_2:TAGTAGCCATTCCTTG
17427,d2_2:AATGGCGTAGAACGGG
17428,d2_2:CAAACATTCCCTTCAG
17432,d2_2:CCTTTACATCATCCTT
17435,d2_2:CCCTTGCAGCAGTCGA
17444,d2_2:AAGTCGGGTTAAGCGT
17448,d2_2:CATTCATTTGGCTACC
17464,d2_2:TCCGACACCGCTAATA
17508,d2_2:ACGGGTTATACGTGCT
17509,d2_2:ATTTGTTGCGTATTTC
17511,d2_2:GTAAGCCGATCCGCTA
17516,d2_2:TCGTGGGTACGGTAGC
17526,d2_2:TCCGCTGTAGGCAGTT
17528,d2_2:GGCACTTCAATCGGGT
17530,d2_2:TCAAATGGTGATAACA
17533,d2_2:AGCTTCGAGTTTACGT
17546,d2_2:GATGCAGAACTCACCG
17551,d2_2:CTTAGTGTCAGACCAT
17556,d2_2:GGTAGCCACTTCGATT
17584,d2_2:GGACTTCTCCCTTGGT
17624,d2_2:TGTTATCAACGCCATT
17636,d2_2:TCCGCTGTATCAAGTG
17640,d2_2:GTGATAAAGCATGGGT
17662,d2_2:GAGGAGTGTGTTCCAG
17663,d2_2:GCTTCTCCAGTTTAGA
17665,d2_2:GAAGATATGTGGATGG
17666,d2_2:TGCACCAGTTGGATCG
17668,d2_2:CTAGACTAACCCATAT
17675,d2_2:ACGACGACTGCAAGGG
17682,d2_2:TAGCGGATCAGGTGTC
17720,d2_2:TGGTGTCTTGTTTGAG
17721,d2_2:TCTTTGACATTCGACG
17731,d2_2:GGGTCTAGCTAGACCC
17733,d2_2:AAAGCCCGGTCATATT
17749,d2_2:TAAGGGCCTGAGGTCT
17750,d2_2:AAACTACACTTGGTGT
17766,d2_2:CTTAGGCCAGGATTCA
17772,d2_2:GTCAGGTTATCAGCGC
17777,d2_2:GCGGTAACGCTTACCT
17797,d2_2:GTCCTTGCAGCGCGAT
17820,d2_2:TCATTTCACGCCTTGA
17826,d2_2:CGAGGCTACGATTGAT
17851,d2_2:TCAAATGGGCACCTCT
17856,d2_2:TCGGTCATCTGTTCTT
17857,d2_2:TACCCTGCTGTGTCCT
17861,d2_2:CTAACGCCCTCCGCAT
17869,d2_2:GTAAGCCGAGGAGCTT
17871,d2_2:ATATGGGTGATGTGAG
17879,d2_2:TCATACCAAAAGTCGG
17882,d2_2:GCCTTGTGTGACCAGT
17895,d2_2:GGTTGAGATCATCCTT
17899,d2_2:ACCACAGAATATCTTC
17909,d2_2:ACCGTCGAGTTGCACG
17920,d2_2:TACCTAAGTTGCATAT
17926,d2_2:AACTGCCTCTTAGGTA
17932,d2_2:CCTTTGTCCTCCGCAT
17965,d2_2:TAACTTCTGCGTTGCT
17967,d2_2:GGGTCTAGAAACTCGA
17969,d2_2:GCATCGAGCTGCGTTG
17971,d2_2:AGACGAGGCTTTCTTT
17973,d2_2:CTGAAGGGTTGATTCT
17990,d2_2:TGCCGGTAGTGTAACC
17992,d2_2:AAACACGGAGCACCAC
18003,d2_2:AAAGAGGCGAGTTTCG
18006,d2_2:GTAAACAATTATCTGT
18024,d2_2:GGCCCAATCAATACTT
18031,d2_2:TAGATCAACGTGGATA
18038,d2_2:GTGTCACCTAAGACGG
18041,d2_2:TGTTATCATGCCTCAC
18049,d2_2:TACCTAAGAGTGATGC
18050,d2_2:AACTGCCTCACAGTTT
18054,d2_2:GGTAAATCAATCGGGT
18065,d2_2:ACAGATAAGTCTCTCT
18073,d2_2:CTCACATCGGATAAAG
18075,d2_2:AGTCACAATAGAAATG
18077,d2_2:AGCTTCGATTAAACTG
18082,d2_2:CATTCATTGCAACCTG
18089,d2_2:GTCCGTCAATCAAGTG
18090,d2_2:ACTCATACAGGATTCA
18100,d2_2:TCAAGGCGGAGCCCAT
18108,d2_2:CAATCTAGAGGCAGTT
18135,d2_2:TATCTGTCGATGTGAG
18141,d2_2:AATACATCGTGGAGCT
18164,d2_2:GTATACGTGGCCTAAG
18168,d2_2:TACCTCCCCACAGTTT
18173,d2_2:ACTGCTGGCAAGAGGG
18183,d2_2:AAGTATTGTCCAGGGA
18186,d2_2:ATTTGTTGATGGGCAC
18187,d2_2:TACGTTCGCCTCGTCT
18188,d2_2:AGGCAATAGGGAAGGT
18193,d2_2:TATGTGAAAAACTGGT
18202,d2_2:GTACGCTTAAAGCCTA
18212,d2_2:CGAGGCTATGGCCTGT
18221,d2_2:GGGTCATTTGGCCTGT
18222,d2_2:AGAAACCAACGCCATT
18235,d2_2:AAACTACATACGTGCT
18242,d2_2:CGTTTCGTGTCCATGT
18244,d2_2:CAAGGTACGAATACGC
18255,d2_2:CCCGTTCTTCTCAACC
18279,d2_1:TCGACTGCAATTCCCA
18292,d2_1:GATGTGGCCGGACAAC
18300,d2_1:GCACTCAGTGGCCTGT
18301,d2_1:CCATGCATATGGAAAT
18322,d2_1:GTCTTCCTCCACATTA
18331,d2_1:AAAGAGGCGAAGCACT
18345,d2_1:ATCGTAACGAGAATTG
18364,d2_1:AAACTGTGTTTGTGTC
18373,d2_1:ATCTTGGCTGCAAGGG
18375,d2_1:TCATAGCTCTTACTCC
18379,d2_1:AGGACACAGGCTACTA
18385,d2_1:CGATCCAACTACCGTT
18388,d2_1:TGCACCAGATCAAGTG
18391,d2_1:GTCAAGAGTTAAACTG
18393,d2_1:TCTAAACTTGTTCCAG
18409,d2_1:GTCAGACCGCAGTCGA
18414,d2_1:GAGAAACCAATGTTTG
18425,d2_1:TAGATCAACGACTCCT
18436,d2_1:ACCGTCGAGCGTTGCT
18440,d2_1:GTTGTCCGAAATCAGA
18451,d2_1:TGGGAATTAACCTGAC
18464,d2_1:AGCTCCACGACGATGG
18465,d2_1:AGCCATCTCCATTACT
18486,d2_1:AGACCTCAACCTTCTT
18487,d2_1:GGTTGAGAGGGTTGGT
18504,d2_1:TACCTAAGCTTCTGGA
18515,d2_1:GATTACTTGCAGCATG
18517,d2_1:GTATACGTAGGATTCA
18519,d2_1:GCGTATTCCTTGGTGT
18527,d2_1:CCCGTAAGACCCACGA
18530,d2_1:TACCCTGCTTCCAGAC
18532,d2_1:ACCAACCCGGTTAGTG
18539,d2_1:GAGCGGAACCCATCTG
18542,d2_1:GTCAGGTTTGACCAGT
18544,d2_1:CTCGGTGACCCGAATG
18550,d2_1:GGATTGTTCCTACTAG
18582,d2_1:GTACGGACTTCCAGAC
18605,d2_1:GTGCGAAGTTGTCGCC
18623,d2_1:ATCGCGCTAGCGCCTT
18631,d2_1:GGTTACACGGTCACAG
18636,d2_1:TGAATCCTATACTCTT
18637,d2_1:CTTTCACTTTGTCGCC
18644,d2_1:CTTAGGCCTTGATCTA
18651,d2_1:GATTGGGATTCCGCTC
18658,d2_1:TAAACCGATATTGCCT
18660,d2_1:GTAAACAAAATGACCC
18683,d2_1:ACCAGTTTCCGTGTTT
18729,d2_1:TCGCAATCGCTCTAGT
18741,d2_1:TCTATTCCCTTACGGG
18742,d2_1:ACTGCTGGAGCGAAGT
18745,d2_1:GTGTCAGGACTGAGTT
18764,d2_1:AGGTATATAAGATTGT
18783,d2_1:TCCCTGGAGACAACTT
18796,d2_1:GAAATACGGATGTATT
18808,d2_1:CGGCTGTAAAGCTTCT
18832,d2_1:CTCGGTGAACCTTGCC
18834,d2_1:CTGCGATGAATTCCCA
18859,d2_1:AAATAGCATTAAACTG
18865,d2_1:TGGAAAGCGATTTACC
18882,d2_1:GTGTCAGGTTGGATCG
18889,d2_1:GGCAAGGTCTGAGTGC
18893,d2_1:AAAGAGGCTGTGGCTA
18898,d2_1:AATGTATGCCTACTAG
18903,d2_1:TCAAGGCGTGACGGAC
18907,d2_1:TAAGGGCCACATCTAT
18911,d2_1:TATCCACGAGCACCAC
18912,d2_1:TGGTTAACATTCGACG
18916,d2_1:CCATCCACCACGGACT
18922,d2_1:CGTGGGATATATAGGA
18926,d2_1:AAAGCCCGGTAATCCC
18927,d2_1:GTGCCCATCTTCGATT
18931,d2_1:ACGAATTCGTGTAACC
18933,d2_1:TAATGTGGCTCGATGC
18941,d2_1:ATCCTAGTATCCCACG
18951,d2_1:CCAGACAGATCCGCTA
18955,d2_1:CTTTGGACGTTCTGTT
18956,d2_1:ATTCTGAGGCCAAGAT
18962,d2_1:ATCGTAACAGGCAGTT
18973,d2_1:CTGTGACCGGGTGTAT
18987,d2_1:TATCTGTCGATGTATT
18999,d2_1:AAGGATGACTAGATTG
19000,d2_1:GACTAGCGGTGTAACC
19016,d2_1:GAAAGACAGTTCAACT
19017,d2_1:ACTCATACTAGCTTAT
19028,d2_1:AAGAGTATCTAGATTG
19048,d2_1:CTAGTAGGACTCACCG
19063,d2_1:TACCTAAGTACCGGCA
19068,d2_1:CACAAGTACATACATT
19071,d2_1:ATATGGGTATTCCTTG
19092,d2_1:ATTGGCCCCCCATCTG
19093,d2_1:GGCTTTGCTCCGTCCA
19108,d2_1:ATCAATCGCGGCTTAC
19131,d2_1:ACAGATAAGTCTCTCT
19137,d2_1:CACAACCTGTGGAGCT
19138,d2_1:GTGGTGCTTTGCATAT
19139,d2_1:GTGAACTCGAGAATTG
19142,d2_1:CTGTGACCGTGTCGGA
19146,d2_1:ACAAGTAGACCACGCT
19149,d2_1:AATCGAAGCTTCTGGA
19160,d2_1:AAATTCCGGATGTATT
19165,d2_1:CACTAACCTTAAACTG
19171,d2_1:ATATGGGTTCATCCTT
19189,d2_1:CTGTTTCCTCGAAGCT
19190,d2_1:TACTGAATTGCAAGGG
19191,d2_1:ACCAAGGGCGGCTTAC
19194,d2_1:TGGACGGACCAGCAGT
19196,d2_1:GTTCTGCTGGAGAAGC
19214,d2_1:CTCTGCGTAGCACCAC
19217,d2_1:GAAGATATTCCAGGGA
19226,d2_1:CAAGGAATGATTAGAC
19233,d2_1:GTACGGACTGCTATTT
19234,d2_1:CCGACTTTCTCGCGTA
19251,d2_1:ACATCTCGAAATGTCG
19261,d2_1:AACGTTACGAGAGTAT
19262,d2_1:CATTCGGGTTCACATA
19287,d2_1:GCTAAGTTACTAGCCA
19320,d2_1:TGAGCACAGGAATAGA
19352,d2_1:CCGACTTTTAGCTTAT
19353,d2_1:CAGTTTAAGTCCATGT
19365,d2_1:GCGTATTCGAATTCGT
19384,d2_1:AACGATTTTGTAGTTT
19386,d2_1:AATACATCTTCGGCCT
19391,d2_1:AAAGTCATATGGGCAC
19399,d2_1:CGTCGAATTTCCGAGT
19400,d2_1:GATGTGGCAGGAAGAC
19406,d2_1:TACCCTGCACCCATAT
19409,d2_1:CGTCGAATGGGAGGTA
19419,d2_1:CCACGTTGACACTAAG
19440,d2_1:AGCTCCACAGTGATGC
19450,d2_1:CCCTCTTGGGTTAGTG
19458,d2_1:AATCCGGCAACCCTTG
19477,d2_1:CAGGTTGCTCATCCTT
19480,d2_1:AGGACACAAGAAGTTA
19483,d2_1:CATTCATTGGAATAGA
19484,d2_1:TACCTAAGTGCTCCGT
19497,d2_1:TACCCTGCTGGCTACC
19498,d2_1:CTTTGGACAGGCAGTT
19499,d2_1:GCAAACTGATGAAGCA
19504,d2_1:CGTGTGTTAAACGCCT
19516,d2_1:GAGCGGAAGTAACGTT
19517,d2_1:ATGCATATCTACTTGT
19533,d2_1:CGTGTACAGCTTTGGC
19539,d2_1:CCGGAAATGCAGGGTA
19543,d2_1:ACCCGATTAAACTCGA
19549,d2_1:TAGGTACGGTCGTCGT
19554,d2_1:GTTCTGCTGGGTTGGT
19556,d2_1:CCGTAGCTATGGGCAC
19560,d2_1:GCTTCTCCTCGGTTTA
19575,d2_1:AAAGAAAGCTAGATTG
19585,d2_1:GTGGTGCTCTGTCTGG
19593,d2_1:GGAGGTTTCTGTTCTT
19603,d2_1:ATCGTAACACAGCGGA
19611,d2_1:ACTAGAGCGAGGCTGA
19612,d2_1:TCATTTCATAGTCGCA
19615,d2_1:GTCAGGTTGGTGGGAT
19619,d2_1:GTCAGACCAAGATTGT
19624,d2_1:CCTCATGATGATAACA
19629,d2_1:GCTATGGGCTGTCTGG
19630,d2_1:ATAAGCTAAAGGTAAT
19641,d2_1:GAGGGTCATAGCCTCG
19645,d2_1:TCGTTCCCAGCGAAGT
19675,d2_1:GCTCGTAGTTGGATCG
19690,d2_1:CAAGGTACCCTATTCA
19692,d2_1:TACCGCTCTAGTCGCA
19702,d2_1:TAGATCAATAGTCGCA
19703,d2_1:AATACATCTCGACGGT
19713,d2_1:GTCAGGTTTCTCACTT
19714,d2_1:GCTTCTCCGGGAACGA
19724,d2_1:AGACGAGGCTACCGTT
19741,d2_1:GACACAAATTAAGCGT
19755,d2_1:AAGGATGAACGAAACG
19760,d2_1:AAACCGCCTCTCAACC
19781,d2_1:CCATGCATGGCCTAAG
19799,d2_1:AAAGCCCGAGAGACTA
19800,d2_1:GGAGGTTTTGCAAGGG
19811,d2_1:GGGTCATTTCATGAGG
19837,d2_1:GTGAGGCAAACACACG
19841,d2_1:ACCAGTTTAAATCAGA
19846,d2_1:TGAATCCTGTTGCACG
19856,d2_1:GTGTCACCAATGAATG
19858,d2_1:AACTCAGTGCCAAGAT
19859,d2_1:CCATCCACCTTCTTCG
19865,d2_1:AGGCCGAAGGGAAGGT
19874,d2_1:AATCGAAGTTCCGAGT
19883,d2_1:ATCGCGCTATCTTTGT
19884,d2_1:GATGGTTACCCGAATG
19897,d2_1:ACGACGACGGGAAGGT
19905,d2_1:TCATAGCTCAGGTGTC
19919,d2_1:AGAGAGACCTTCAGGT
19927,d2_1:AAACTGTGTCATGAGG
19960,d2_1:TACCGCTCTCTAGCAG
19962,d2_1:CTGCTAGACTACCGTT
19969,d2_1:ACCAACCCTGTCTTTC
19973,d2_1:GAGAAACCCTGTCTGG
19976,d2_1:GAATGCGCACTGAGTT
19977,d2_1:GATGTGGCAGGTTGTG
19982,d2_1:ACATGGACCGCTCTCA
19996,d2_1:GCTATGGGAGCGAAGT
20019,d2_1:AACAGCGGCCAGCAGT
20044,d2_1:GCTACCGTAACAATCC
20061,d2_1:GTCTGGAACGCTCTCA
20081,d2_1:GAATGCGCCTTACGGG
20083,d2_1:GGGATTACCGGGCTTT
20091,d2_1:GCCTGGTAGAAGGCTT
20110,d2_1:GATGTGGCTTGGACTT
41510,LSK_d2_2:AGGCAATACTTCGATT
41515,LSK_d2_2:TATGTGAACATACATT
41592,LSK_d2_2:ACCAGTTTACCCACGA
41625,LSK_d2_2:TACCGCTCAAAGTCGG
41635,LSK_d2_2:CGTGGGATGAGTTCAC
41642,LSK_d2_2:TCCGCTGTAGACACCA
41665,LSK_d2_2:CTGTTAAACCGCTGTT
41674,LSK_d2_2:ATTTGTTGCCCTTGGT
41713,LSK_d2_2:TAACTTCTGAGTTCAC
41726,LSK_d2_2:ACCGTCGAGAGGCTGA
41730,LSK_d2_2:AAGGGACCTGTGTCCT
41737,LSK_d2_2:GGACTTCTGTCTCTCT
41766,LSK_d2_2:AGGTATATAAATCAGA
41798,LSK_d2_2:GATTGGGAACGTATAC
41820,LSK_d2_2:AACGTTACTCATCCTT
41821,LSK_d2_2:ACCGTCGAGCAGGGTA
41856,LSK_d2_2:AATACATCCCTATTCA
41860,LSK_d2_2:AGCTCCACCCTGACAC
41903,LSK_d2_2:CTTTATCCGGAAACAG
41909,LSK_d2_2:GCCTTGTGTTCGGCCT
41936,LSK_d2_2:GTCAGACCACATCTAT
41971,LSK_d2_2:ACCAGTTTCCTACTAG
41975,LSK_d2_2:CACTTGATTCGACACC
41977,LSK_d2_2:AAACAAACCGACGTCA
41979,LSK_d2_2:AAAGCCCGTCGAAGCT
42005,LSK_d2_2:TCGTGGGTTACCAGGC
42021,LSK_d2_2:CGTGGGATCTCAGAAT
42025,LSK_d2_2:AGGCCGAAGCAGTCGA
42044,LSK_d2_2:CACAACCTAACCTGAC
42049,LSK_d2_2:AGAAAGTGGTCCGTAC
42054,LSK_d2_2:TCTATTCCAGCAGAAC
42056,LSK_d2_2:GTCCACTATACAAACT
42066,LSK_d2_2:GCGCTGATTAGTCTAG
42068,LSK_d2_2:CTGTTGTGAAATCGTT
42099,LSK_d2_2:GCGGTAACGGGAACGA
42123,LSK_d2_2:TCATAGCTTCTCACTT
42128,LSK_d2_2:ACTACCCGTGTGTCCT
42151,LSK_d2_2:GATGTGGCTTAAGCGT
42160,LSK_d2_2:TCTTTGACATGGGCAC
42161,LSK_d2_2:AACGCCAACTAGTAAC
42181,LSK_d2_2:TACTGAATCGCCTTGA
42198,LSK_d2_2:TCGCAATCGACAGATA
42205,LSK_d2_2:AAATTCCGCTTCAGGT
42219,LSK_d2_2:CATGACGAGTGTAACC
42224,LSK_d2_2:TGCGACTATGCCATCG
42234,LSK_d2_2:TCCGCTGTTAGTGTTT
42251,LSK_d2_2:TCATACCAAGCTACGG
42279,LSK_d2_2:GTCTTCCTAAACTGGT
42296,LSK_d2_2:CAATCTAGTGTAAAGG
42303,LSK_d2_2:GACACCTGACGGTAGC
42318,LSK_d2_2:CAGTTTAAATGGGCAC
42321,LSK_d2_2:ATACTCTCCTTCGATT
42359,LSK_d2_2:CCTATTTAGTTCTGTT
42387,LSK_d2_2:GTATTGACCCGCTGTT
42412,LSK_d2_2:AAAGTCATCGTAGAAG
42467,LSK_d2_2:AACAGAACGAGTTTCG
42490,LSK_d2_2:TAGTAGCCTTCACATA
42492,LSK_d2_2:AAAGAGGCGATTTACC
42502,LSK_d2_2:GGAGGTTTACGTATAC
42503,LSK_d2_2:AATCGTTCACGGTAGC
42510,LSK_d2_2:CACTAACCACCTTCTT
42512,LSK_d2_2:TAAACCGAGCCTCTTT
42547,LSK_d2_2:TAGGCTTTAAAGTCGG
42584,LSK_d2_2:TACGCGAGCTCCGCAT
42589,LSK_d2_2:ATTGGCCCCTAGACCC
42639,LSK_d2_2:AACAAATGCTCAGAAT
42664,LSK_d2_2:AGCTTCGAAAACTGGT
42678,LSK_d2_2:AGGGTAAATTGGACTT
42691,LSK_d2_2:GTAAACAATTGATCTA
42708,LSK_d2_2:GCCAAAGCAGCTACGG
42720,LSK_d2_2:GAGTGTACGGGAACGA
42741,LSK_d2_2:CCATCCACTAGCTTAT
42775,LSK_d2_2:ACTGGTCACTTCGATT
42776,LSK_d2_2:CGTTGCCTTACAAACT
42780,LSK_d2_2:GCTCGTAGCCCATCTG
42810,LSK_d2_2:TACCCTGCGAGTTCAC
42844,LSK_d2_2:CGTTGCCTAAGTAATC
42857,LSK_d2_2:GCTAAGTTACGAAACG
42880,LSK_d2_2:GTCTGGAATCTCACTT
42917,LSK_d2_2:AGGCCGAAAAAGCCTA
42961,LSK_d2_2:TCCGCTGTTAACCCGT
43005,LSK_d2_2:GGCTATAAGGGAACGA
43006,LSK_d2_2:TCGAGTTTCCTATTCA
43029,LSK_d2_2:GAAATACGGTCTCTCT
43033,LSK_d2_2:ACGGAGCATGCCTCAC
43068,LSK_d2_2:AGAATCAACGAATAAT
43069,LSK_d2_2:CCATCCACAGCGAAGT
43070,LSK_d2_2:CTAACGCCCTTCTTCG
43071,LSK_d2_2:TAGTCTCTCTAGACCC
43072,LSK_d2_2:AAAGCCCGCTCCGCAT
43126,LSK_d2_2:CTTCTACGTGCGTATC
43130,LSK_d2_2:ACGGTTGGAACAATCC
43144,LSK_d2_2:AGGTAAGCTAACCATC
43172,LSK_d2_2:AAACCGCCTGTTTGAG
43206,LSK_d2_2:CCTCATGAATATACCT
43272,LSK_d2_2:CGGTGAGTTGATAACA
43287,LSK_d2_2:ACGAATTCTACTTGTG
43295,LSK_d2_2:ACATGGACATACTCTT
43297,LSK_d2_2:CACAAGTATCCTTATT
43304,LSK_d2_2:AAGTTGTCAATTCCCA
43325,LSK_d2_2:TACTGAATGAGCCCAT
43348,LSK_d2_2:GGTTGAGAAGCTATGA
43369,LSK_d2_2:CAAGGGTTTTTGGGAG
43390,LSK_d2_2:TAATCCATGACAGATA
43405,LSK_d2_2:TAGGTACGCGAGTCTG
43416,LSK_d2_2:AATCCGGCCGCTAGTC
43450,LSK_d2_2:ACACCAAGCGCTCTCA
43455,LSK_d2_2:GGAAGTCCCGTCAGCA
43463,LSK_d2_2:AACGATTTGGCGGTTT
43496,LSK_d2_2:AAACGTGATCCCTGAT
43524,LSK_d2_2:CTGCGATGTCTGCATC
43534,LSK_d2_2:CGTTTCGTCAGTCCCT
43568,LSK_d2_2:GTCTGGAATACTTGTG
43569,LSK_d2_2:ACGGAGCACTTACTCC
43634,LSK_d2_2:GTAAGCCGTTAGGACC
43639,LSK_d2_2:GGTAGCCAGAACGATT
43640,LSK_d2_2:ACGGTTGGCAATTAGT
43672,LSK_d2_2:GGACTGGAAATTCCCA
43677,LSK_d2_2:ACAAGTAGGTGGAGCT
43712,LSK_d2_2:CTTCTACGATCAAGTG
43745,LSK_d2_2:TATCCACGCGTATTTC
43751,LSK_d2_2:ATCCTAGTATGGATTA
43766,LSK_d2_2:TGGCTAGTGCAGTCGA
43791,LSK_d2_2:GGCTATAAAAATCAGA
43799,LSK_d2_2:TGCTTGGGAAGGTAAT
43817,LSK_d2_2:ACATCTCGGAAGGCTT
43836,LSK_d2_2:CAGACTCGTTCGCTGG
43839,LSK_d2_2:TATCTGTCAAATCGTT
43888,LSK_d2_2:ATCAGGGAAAATGTCG
43930,LSK_d2_2:CCCTTGCACAGTTTGC
43936,LSK_d2_2:CTGGAACAATGGATTA
43944,LSK_d2_2:TGAGCACAAGCTATGA
43948,LSK_d2_2:GGGTCATTGGCATGCT
43975,LSK_d2_2:GTGTCAGGGGCATGCT
44011,LSK_d2_2:CCCGTAAGCTTCGCAC
44085,LSK_d2_2:GAATGCGCGTGGAGCT
44090,LSK_d2_2:CTCCCAAACTGAGTGC
44127,LSK_d2_2:CTGAAGGGCCGCAACT
44129,LSK_d2_2:ATGACTTGCCCTTGGT
44144,LSK_d2_2:GCTCGTAGGCTTTGGC
44152,LSK_d2_2:GATGGTTAATACTCTT
44162,LSK_d2_2:GAGAAACCTGTGCTCA
44170,LSK_d2_2:CGTTGCCTGTCATATT
44172,LSK_d2_2:CCATATGAATGCATGG
44201,LSK_d2_2:ACGGCAGTATATGCAT
44282,LSK_d2_2:ACGGCAGTAATGTTTG
44286,LSK_d2_2:AAACACGGGAGTTTCG
44302,LSK_d2_2:TCGTTCCCGAGCGGTA
44320,LSK_d2_2:CTTTGGACGAGCCCAT
44346,LSK_d2_2:AAATTCCGTGCTATTT
44408,LSK_d2_2:TGTTATCAATGGGCAC
44428,LSK_d2_2:AATGTATGTGCTATTT
44470,LSK_d2_2:GTGATAAAGATCGTTT
44472,LSK_d2_2:AGTTGCGGCTTAGGTA
44474,LSK_d2_2:AACGCCAACGGGCTTT
44476,LSK_d2_2:GGGCATCATGACCCTC
44479,LSK_d2_2:ATATGCAAAATTCCCA
44496,LSK_d2_2:GTCAGGTTTGGTATGA
44509,LSK_d2_2:CAATCTAGTATTGCCT
44516,LSK_d2_2:ACACCAAGAGCAGAAC
44528,LSK_d2_2:ATCCCACCTTGATCTA
44549,LSK_d2_2:AGCGTGGTAGCAGAAC
44614,LSK_d2_2:GTGCGAAGTAGTCGCA
44619,LSK_d2_2:TGACGTCGGATGTATT
44675,LSK_d2_2:CTAGCACGCGCTAATA
44698,LSK_d2_2:CATGACGATTATCTGT
44735,LSK_d2_2:ATATGCAATAGTGTTT
44766,LSK_d2_2:AAACCGCCGCCTCTTT
44772,LSK_d2_2:GTGAACTCTCGTCATG
44775,LSK_d2_2:GGCAAGGTCGACTCCT
44788,LSK_d2_2:GGACTGGAGGTGACAC
44811,LSK_d2_2:ATTTGTTGCCTATTCA
44825,LSK_d2_2:AGGGACTGGGTCTGAC
44867,LSK_d2_2:AACGTTACCGTATCGG
44870,LSK_d2_2:TGAGAGCGTCCAGGGA
44886,LSK_d2_2:ACCCGATTCGTAGAAG
44890,LSK_d2_2:GGCAAGGTTCGGTTCG
44916,LSK_d2_2:AGGCAATAAGTGAAAG
44941,LSK_d2_2:GAGTGTACGTACACTC
44963,LSK_d2_2:TACGTTCGATACCCAG
44966,LSK_d2_2:AATATGACAGAGACTA
45002,LSK_d2_2:CAAGGTACTGTGGCTA
45036,LSK_d2_2:TGCCGGTATCTCAACC
45037,LSK_d2_2:GATACGCAGGGAAGGT
45040,LSK_d2_2:ATCAATCGTGATAACA
45052,LSK_d2_2:GTCTTCCTGATTTACC
45142,LSK_d2_2:AGGTATATTCATCCTT
45146,LSK_d2_2:ATCGCGCTCGGAATTT
45153,LSK_d2_2:AAGTCCAATTGTTTAC
45178,LSK_d2_2:CATGACGATGACGGAC
45223,LSK_d2_2:TATCTGTCAGCAGAAC
45224,LSK_d2_2:GCACTCAGGAGCGGTA
45227,LSK_d2_2:CTCTGCGTGTCAATAC
45228,LSK_d2_2:AAACACGGCGGAATTT
45231,LSK_d2_2:GCGCTGATTTAAACTG
45232,LSK_d2_2:AACTGCCTTTTACCCT
45234,LSK_d2_2:CAAGGAATTCACGTTT
45273,LSK_d2_2:AACAAATGCCCGAATG
45287,LSK_d2_2:CCACCTCTATGAAGCA
45294,LSK_d2_2:AATATGACAAACAGGG
45296,LSK_d2_2:CTGAAGGGGGGAACGA
45335,LSK_d2_2:GACACCTGTCCAGTCC
45381,LSK_d2_2:CCATGCATCGCTAATA
45383,LSK_d2_2:AGACCTCACTGTTCTT
45385,LSK_d2_2:CCATCGTCCGGAATTT
45403,LSK_d2_2:AGCATGCCCTCGCGTA
45414,LSK_d2_2:GTCTTCCTAGGATTCA
45415,LSK_d2_2:AAACTGTGGTTACGAT
45419,LSK_d2_2:AGAAACCATGCGACAG
45435,LSK_d2_2:CACTTGATGAGCGGTA
45449,LSK_d2_2:ATGGTCTGTTCCGAGT
45509,LSK_d2_2:TGCTTGGGGCTTACCT
45519,LSK_d2_2:TCTTTGACTGCAAGGG
45521,LSK_d2_2:CTCACATCTTAAACTG
45524,LSK_d2_2:TCCAGAAGAAATCGTT
45534,LSK_d2_2:CATTCGGGGTGTAACC
45555,LSK_d2_2:TGGTGTCTAGCACCAC
45556,LSK_d2_2:AAATAGCATTAAACTG
45558,LSK_d2_2:CACAAGTATGGAGGAG
45573,LSK_d2_2:TATTAGCGAACCTGAC
45589,LSK_d2_2:CAGTTTAACTCTTGAC
45594,LSK_d2_2:CAAGGGTTAGGAGCTT
45597,LSK_d2_2:CACTAACCGTCAAAGA
45599,LSK_d2_2:GCATCGAGTGCCATCG
45601,LSK_d2_2:GAAGATATGGGAGGTA
45631,LSK_d2_2:CTGTTTCCTCCCAATC
45635,LSK_d2_2:CAAGGAATTCCCGTAG
45648,LSK_d2_2:CGATGGCAGTTCTGTT
45659,LSK_d2_2:GGTAGCCACCGTGTTT
45668,LSK_d2_2:CCACGTTGTCCAGGGA
45669,LSK_d2_2:ATTCTGAGGGGAGGTA
45682,LSK_d2_2:CCTATTTAACTGCCGT
45717,LSK_d2_2:CGTGGGATCCCATAGC
45765,LSK_d2_2:GGAGTAAGAGCAGAAC
45795,LSK_d2_2:AACTCAGTAAGGTAAT
45820,LSK_d2_2:CCATCGTCGGGAAATC
45834,LSK_d2_2:GACACAAATTTACCCT
45857,LSK_d2_2:TACGTTCGCTCCGCAT
45888,LSK_d2_2:ATAGATGTGAACGATT
45973,LSK_d2_2:GCGCTGATGGAATAGA
45985,LSK_d2_2:CTCACATCTTGTTTAC
46007,LSK_d2_2:CTTTATCCTGGTTTCT
46044,LSK_d2_2:GGTCCTAAATGTTGGC
46046,LSK_d2_2:AATGTATGAACAATCC
46049,LSK_d2_2:ATATGCAAGTCCGTAC
46055,LSK_d2_2:GGTAAATCACTAGCCA
46069,LSK_d2_2:CCGGAAATAACCCTTG
46072,LSK_d2_2:CGTCGAATAAACCTCC
46099,LSK_d2_2:ACCCATGCCCCTAACC
46101,LSK_d2_2:CGTTGCCTGCCTCTTT
46102,LSK_d2_2:AGTTTGTAGCAGTCGA
46118,LSK_d2_2:AATAAGGAGCAAAGCC
46131,LSK_d2_2:GGGCATCAAAACCTCC
46137,LSK_d2_2:CTAGCACGCTTCGATT
46152,LSK_d2_2:CACAAGTAGGCATGCT
46155,LSK_d2_2:ATACTCTCGATTAGAC
46158,LSK_d2_2:CTGTTGTGAACACACG
46273,LSK_d2_2:CTGAGCGTTGACCAGT
46278,LSK_d2_2:TATTAGCGGCGTTGCT
46326,LSK_d2_2:TCTGATTTAGTGAAAG
46327,LSK_d2_2:GGGTCATTACTCACCG
46385,LSK_d2_2:AAACACGGCTTCGATT
46421,LSK_d2_2:CCCTGTTTTGCGTATC
46463,LSK_d2_2:AAGTATTGTGATAACA
46496,LSK_d2_2:GTACGCTTCCCATCTG
46512,LSK_d2_2:ATGTGCCGAATTCCCA
46513,LSK_d2_2:TATTAGCGCGTGCTAG
46539,LSK_d2_2:GCGCTGATTTGTTTAC
46553,LSK_d2_2:AAACCGCCTACAGCCG
46559,LSK_d2_2:TCGACTGCCGTCAGCA
46571,LSK_d2_2:ACCAACCCATTGGGCC
46575,LSK_d2_2:TCCAGAAGGCAACCTG
46609,LSK_d2_2:TGGGAATTTCCAGGGA
46634,LSK_d2_2:TCCGACACTGTGTCCT
46636,LSK_d2_2:TATCTGTCAAATCAGA
46638,LSK_d2_2:GTCAAGAGTTTACCCT
46652,LSK_d2_2:AGAAACCATTGGCGTT
46673,LSK_d2_2:GTTACTAGAGCAGAAC
46675,LSK_d2_2:GGCGACAAGTAATCCC
46727,LSK_d2_2:CGTTTCGTAGAAGTTA
46771,LSK_d2_2:GGGTCTAGTGCTCCGT
46808,LSK_d2_2:CACTTGATGTGTCGGA
46819,LSK_d2_2:GTGTCACCTCATCCTT
46823,LSK_d2_2:CATGACGAGTTCAACT
46864,LSK_d2_2:ATGCATATGGCCCTTA
46881,LSK_d2_2:CTAGACTAGTCATATT
46883,LSK_d2_2:GTCAAGAGAGGATTCA
46889,LSK_d2_2:AAGCTCCTGATTAGAC
46916,LSK_d2_2:CTGAGCGTACGCCATT
46918,LSK_d2_2:TGCCGGTACTGCGTTG
46924,LSK_d2_2:ACCGTCGACCTGTTAT
46955,LSK_d2_2:ACGGGTTACTTACTCC
46957,LSK_d2_2:CGTGCAACGAAGTGCC
46965,LSK_d2_2:AAAGAAAGGCAAGGAC
46996,LSK_d2_2:AAACACGGCATACATT
47007,LSK_d2_2:ATTATTCGAAGTAATC
47036,LSK_d2_2:TGAATAGGTTATAGCC
47054,LSK_d2_2:ACGAATTCATATACCT
47057,LSK_d2_2:TCGAGTTTTTAGGACC
47076,LSK_d2_2:CCGACTTTTTATAGCC
47115,LSK_d2_2:CTGAAGGGGGCCTAAG
47116,LSK_d2_2:ATCAATCGACCCATAT
47120,LSK_d2_2:CTGTCGCAGTCTCTCT
47123,LSK_d2_2:GCCAAAGCGAAGGCTT
47129,LSK_d2_2:GATGCAGAGGTCCCTT
47144,LSK_d2_2:AATGTATGTAGTCTAG
47164,LSK_d2_2:GTGTCAGGGTTGCACG
47182,LSK_d2_2:ATACTCTCGGCCTAAG
47185,LSK_d2_2:TCATACCATGTTCCAG
47211,LSK_d2_2:CGTGTGTTTCTGTGGT
47229,LSK_d2_2:CACTTGATCGACTCCT
47258,LSK_d2_2:ACCTGAAGTTGATTCT
47262,LSK_d2_2:GTCAGACCCGTGGATA
47268,LSK_d2_2:AAACTGTGCAATTAGT
47305,LSK_d2_2:CTAGCACGGAGCCCAT
47334,LSK_d2_2:ACAAAGATTGGGATTC
47345,LSK_d2_2:CGTACCGACACGGACT
47369,LSK_d2_2:AGTTGAACGGCCCTTA
47392,LSK_d2_2:AACAAATGCAGACCAT
47400,LSK_d2_2:GATTACTTATTGGGCC
47415,LSK_d2_2:GCCTGGTAGCAACCTG
47419,LSK_d2_2:GGAGGTTTTACAAACT
47424,LSK_d2_2:ATGACTTGTGATGCCC
47484,LSK_d2_2:AGGTATATATGAAGCA
47492,LSK_d2_2:AAGTGAGACTAGACCC
47585,LSK_d2_2:AGCATGCCCCTATTCA
47598,LSK_d2_2:TCAAATGGCACAAGGC
47643,LSK_d2_2:CGTCGAATTGCGTATC
47675,LSK_d2_2:CCCTCTTGCCCTAACC
47690,LSK_d2_2:AACTGCCTCGAACGTA
47715,LSK_d2_2:AATACATCCAACGTGG
47719,LSK_d2_2:TATGTGAAGGGTTGGT
47735,LSK_d2_2:ACGGAGCAGGCCTAAG
47753,LSK_d2_2:TGCCGGTAATGTTGGC
47766,LSK_d2_2:CCACGTTGCAGACCAT
47773,LSK_d2_2:GTCCTTGCCTCGATGC
47789,LSK_d2_2:GATTGGGATGGCTACC
47828,LSK_d2_2:CTCGGTGATTGATCTA
47893,LSK_d2_2:TGCTTCATCGTATCGG
47908,LSK_d2_2:TGCACCAGCAACAAAT
47940,LSK_d2_2:GCCAAAGCATATACCT
47941,LSK_d2_2:TAAACCGACCTGACAC
47942,LSK_d2_2:TCTGATTTGACAAAGG
47946,LSK_d2_2:GGAACGAACGTCAGCA
47947,LSK_d2_2:GATTGGGAGTCGTCGT
47954,LSK_d2_2:GTCCGTCACGCCTTGA
47977,LSK_d2_2:AAACACTAGGATAAAG
47990,LSK_d2_2:CTAGTAGGCAGTTTGC
47999,LSK_d2_2:AGCCATCTGAGAGTAT
48008,LSK_d2_2:GGCAAGGTCATACATT
48029,LSK_d2_2:TATCCACGCAACGTGG
48043,LSK_d2_2:AACAGCGGCTTCTGGA
48091,LSK_d2_2:TCGAGTTTGGGAACCT
48096,LSK_d2_2:GTTCTGCTAATGAATG
48098,LSK_d2_2:CTTTGGACTCGACACC
48126,LSK_d2_2:CTGTTGTGAGGCAGTT
48154,LSK_d2_2:GTATACGTAGGTTGTG
48155,LSK_d2_2:CACAAGTACCCAAGCA
48164,LSK_d2_2:TGACGTCGGATCTCGG
48176,LSK_d2_2:GGTCCTAATGGAGGAG
48199,LSK_d2_2:TAGTAGCCCGGGCTTT
48216,LSK_d2_2:CGACATTTCGTACCTA
48314,LSK_d2_2:CACTTGATCCCTTCAG
48315,LSK_d2_2:CTGAAGGGTGCGACAG
48320,LSK_d2_2:GAGGAGTGGACAGATA
48347,LSK_d2_2:TGGCTAGTTTGTTTAC
48348,LSK_d2_2:GATGGTTAATGACTTT
48350,LSK_d2_2:TCATACCACCCAAGCA
48352,LSK_d2_2:CATTCGGGGCAGGGTA
48355,LSK_d2_2:AGAAAGTGATATACCT
48356,LSK_d2_2:GAAGATATAGATGGCT
48383,LSK_d2_2:TGAGAGCGCACGGACT
48385,LSK_d2_2:GCGTATTCATTCAGTA
48411,LSK_d2_2:CTAGCACGCCCTAACC
48451,LSK_d2_2:GAATCCCAAATTCCCA
48497,LSK_d2_2:CGAGGCTATGTAGTTT
48528,LSK_d2_2:ACGGAGCAAACACACG
48537,LSK_d2_2:GGTCCTAACGGCTTAC
48538,LSK_d2_2:AGGGACTGTGCGTATC
48580,LSK_d2_2:CGGCTGTAAAGCGTAC
48603,LSK_d2_2:TCGACTGCATGCATGG
48614,LSK_d2_2:ACTACCCGCTTACTCC
48616,LSK_d2_2:AAGTCCAATTTATCAC
48633,LSK_d2_2:GTACGCTTCTATAGAG
48642,LSK_d2_2:GTAAACAAAAGCGTAC
48647,LSK_d2_2:TACTGAATGAGTTTCG
48653,LSK_d2_2:ACCCATGCTGCTCCGT
48679,LSK_d2_2:TCTATTCCATTGGGCC
48687,LSK_d2_2:TACGCGAGCTGTTCTT
48690,LSK_d2_2:TCAAATGGTTTACCCT
48695,LSK_d2_2:AAACCGCCACGAAACG
48733,LSK_d2_2:ACGAATTCAATTCCCA
48747,LSK_d2_2:CGAAGAAGAGGATTCA
48761,LSK_d2_2:GACTAGCGAGGCAACG
48773,LSK_d2_2:TGTTATCATGTGGCTA
48777,LSK_d2_2:AAGTCCAACTTACTCC
48787,LSK_d2_2:TATCTGTCAGCGAAGT
48810,LSK_d2_2:ACGGGTTACTTCAGGT
48825,LSK_d2_2:CCGAGATCCTCTTGAC
48834,LSK_d2_2:AAGTCCAACGTCAGCA
48878,LSK_d2_2:ACTGCTGGGGCGTTAG
48902,LSK_d2_2:TCTAAACTAAACCTCC
48932,LSK_d2_2:AGCCATCTAGTGATGC
48933,LSK_d2_2:TATCCACGGGGAACGA
48980,LSK_d2_2:GTGTCAGGCAGTTTGC
48982,LSK_d2_2:CCACGTTGATGGATTA
48988,LSK_d2_2:GCTCGTAGTCATATGG
49065,LSK_d2_3:TCCCTGGAGTTAACCA
49089,LSK_d2_3:ACCACAGACGCTCTCA
49103,LSK_d2_3:CGTACCGAATATGCAT
49167,LSK_d2_3:CATGACGATTTAACAG
49172,LSK_d2_3:GTCAGGTTATGCGGAT
49197,LSK_d2_3:TCTGATTTGTAACGTT
49206,LSK_d2_3:GAAAGACACTTCAGGT
49220,LSK_d2_3:GCTACCGTGAACGATT
49280,LSK_d2_3:GCTATGGGTAGTGGAC
49281,LSK_d2_3:CAAACATTCCTGACAC
49287,LSK_d2_3:AACTCAGTCGTGGATA
49290,LSK_d2_3:CTGTTAAATGTGTCCT
49354,LSK_d2_3:CAAGGAATTGACCCTC
49372,LSK_d2_3:TATCCACGTGACCCTC
49427,LSK_d2_3:AACGTTACGGATAAAG
49434,LSK_d2_3:CTCTGCGTGTCATATT
49435,LSK_d2_3:CTGAGCGTAAAGTCGG
49441,LSK_d2_3:ACGGTTGGCCTGACAC
49466,LSK_d2_3:AAAGAAAGTGCTCCGT
49471,LSK_d2_3:TCTAAACTTTGGCGTT
49500,LSK_d2_3:GTTGTCCGGTCATATT
49501,LSK_d2_3:ACGACGACAGCTACGG
49532,LSK_d2_3:AAGCCTTCCGGACAAC
49550,LSK_d2_3:GCATCGAGGGGCCAAT
49560,LSK_d2_3:CTAGTAGGCCTATTCA
49591,LSK_d2_3:CGTGTACACAGATTAC
49620,LSK_d2_3:AAACTGTGACGCCATT
49642,LSK_d2_3:CCACCTCTCCGCAACT
49668,LSK_d2_3:GTGCGAAGTTTGGGAG
49671,LSK_d2_3:AGGTAAGCCTGTCTGG
49692,LSK_d2_3:GTCCTTGCTCGGTTTA
49696,LSK_d2_3:AGAAAGTGAACACACG
49741,LSK_d2_3:AGGCGTTTAGAAGTCC
49760,LSK_d2_3:ATCTTGGCATATGCAT
49764,LSK_d2_3:AAACACTACTCCGCAT
49769,LSK_d2_3:GTATTGACGGCATGCT
49785,LSK_d2_3:AACGTTACCGAGATGT
49790,LSK_d2_3:CGAACCGACTGCGTTG
49815,LSK_d2_3:GGGTCATTAGGAGCTT
49844,LSK_d2_3:TAAGGGCCTAGAAATG
49853,LSK_d2_3:CAATCTAGTTAGGACC
49861,LSK_d2_3:GATTACTTGACAGATA
49892,LSK_d2_3:CCATATGATCCCGTAG
49900,LSK_d2_3:GTCAAGAGGAACGATT
49929,LSK_d2_3:TCATTTCAAAACTCGA
49938,LSK_d2_3:CACAACCTAACTTAGC
49950,LSK_d2_3:CTGTTAAATAACTACT
49975,LSK_d2_3:GGGTCATTGGTCACAG
49978,LSK_d2_3:CAACGCAGCGGACAAC
49980,LSK_d2_3:TGCTGACGCTTCGATT
50006,LSK_d2_3:GATTACTTTTGATTCT
50008,LSK_d2_3:ACCTGAAGTGTAAAGG
50010,LSK_d2_3:CTGTTTCCCGAACGTA
50011,LSK_d2_3:GAGAAACCTTTAACAG
50030,LSK_d2_3:TATCCACGAGAGACTA
50100,LSK_d2_3:TGAATCCTCACTCCTC
50102,LSK_d2_3:CACAAGTAGCTTTCCA
50136,LSK_d2_3:ACGGCAGTCAGATTAC
50168,LSK_d2_3:AGCTTCGAGGCGGTTT
50171,LSK_d2_3:CTGCGATGAAACAGGG
50172,LSK_d2_3:TACCGCTCCTACTTGT
50174,LSK_d2_3:CCGACTTTTTGCACGC
50199,LSK_d2_3:GCCTGGTACCGCTGTT
50231,LSK_d2_3:TAAGGGCCCGTATCGG
50238,LSK_d2_3:CTTTGGACCGCTAGTC
50254,LSK_d2_3:TCCAGAAGTCGGTTCG
50259,LSK_d2_3:GGTCCTAAGAGAATTG
50277,LSK_d2_3:TCGCAATCTTGATTCT
50279,LSK_d2_3:CCACCTCTGATTTACC
50281,LSK_d2_3:ACCTGAAGTGCAAGGG
50282,LSK_d2_3:ACGTAAACATGCATGG
50283,LSK_d2_3:TAAGGGCCCTAGACCC
50294,LSK_d2_3:GCTACCGTGTCCAAAG
50330,LSK_d2_3:ATGGTCTGGCGTTGCT
50335,LSK_d2_3:GATGCAGAAGACACCA
50355,LSK_d2_3:CCACGTTGGTCATATT
50379,LSK_d2_3:GACACAAAGAATTCGT
50419,LSK_d2_3:CAGTTTAATGTGTCCT
50429,LSK_d2_3:AGGTATATTCCCTGAT
50454,LSK_d2_3:CATTCATTCCACATTA
50457,LSK_d2_3:GGAACGAACGACGTCA
50492,LSK_d2_3:GAATCCCATGCCATCG
50516,LSK_d2_3:AGAATCAATCTGCATC
50537,LSK_d2_3:GTCCACTATTGGCGTT
50561,LSK_d2_3:CTTCTACGTTTGTGTC
50565,LSK_d2_3:TAGGCTTTGCTCTAGT
50572,LSK_d2_3:CCTATTTATTGTCGCC
50591,LSK_d2_3:TCGTGGGTTGTGCTCA
50615,LSK_d2_3:ATTCTGAGGGTCACAG
50616,LSK_d2_3:ATGTGCCGATGTTGGC
50635,LSK_d2_3:ACTACCCGTGTAAAGG
50636,LSK_d2_3:GAATGCGCGGGAAGGT
50642,LSK_d2_3:CATGACGACGTACCTA
50664,LSK_d2_3:ACTCGGAATGGTTTCT
50665,LSK_d2_3:GAGAAACCAACCCTTG
50675,LSK_d2_3:CTCGGTGATTTATCAC
50689,LSK_d2_3:CCATCCACCTGTCTGG
50752,LSK_d2_3:ATAAGCTAGGCGGTTT
50781,LSK_d2_3:CGAAACTCTGTAAAGG
50795,LSK_d2_3:ATGGTCTGCGTATTTC
50821,LSK_d2_3:TAGTCTCTGTAATCCC
50870,LSK_d2_3:CTGCTAGACAATTAGT
50873,LSK_d2_3:GTGAACTCTCATCCTT
50906,LSK_d2_3:ACGCTTAATGGCCTGT
50908,LSK_d2_3:CCGATACGAAGCTTCT
50909,LSK_d2_3:GTAAGCCGCGACTCCT
50929,LSK_d2_3:GGTTACACAAGCTTCT
50931,LSK_d2_3:GATACGCACCATTACT
50934,LSK_d2_3:AGACCTCATCCCGTAG
50944,LSK_d2_3:CTAGACTAGTCGTCGT
50955,LSK_d2_3:GACACAAAACGAAACG
50961,LSK_d2_3:CTTTGGACACCTTCTT
51007,LSK_d2_3:GCAAACTGTGCTCCGT
51017,LSK_d2_3:CAACGCAGGATCTCGG
51066,LSK_d2_3:ATAACAGGCTTGGTGT
51073,LSK_d2_3:TCGTTCCCTTTGTGTC
51074,LSK_d2_3:AAGAAGGTCACTTTCT
51087,LSK_d2_3:GCGCTGATGCCAAGAT
51099,LSK_d2_3:AGGCGTTTTGGTATGA
51102,LSK_d2_3:TCATACCATGGTTTCT
51132,LSK_d2_3:GATTAAAGTGTGGCTA
51157,LSK_d2_3:GCGTGCAAAAATCGTT
51183,LSK_d2_3:CGGCTGTAGGACTTCC
51186,LSK_d2_3:GTAATCTGAAATCAGA
51240,LSK_d2_3:GACACCTGCCAGCAGT
51254,LSK_d2_3:GATACGCACTACTTGT
51264,LSK_d2_3:TAGATCAATACGTGCT
51279,LSK_d2_3:TATCTGTCGTTACCGC
51294,LSK_d2_3:TAGGCTTTTGCTATTT
51337,LSK_d2_3:AACGCCAAGATGTGAG
51344,LSK_d2_3:TACCCTGCCTCTTGAC
51368,LSK_d2_3:GGACTTCTAAAGCCTA
51369,LSK_d2_3:GAGCGGAATTAAACTG
51372,LSK_d2_3:AGAATCAAAATGACCC
51373,LSK_d2_3:ACGGGTTAGGCGGTTT
51375,LSK_d2_3:CTAGACTAGTTGCACG
51393,LSK_d2_3:TCGACTGCGATTAGAC
51396,LSK_d2_3:TAATGTGGTTGATCTA
51401,LSK_d2_3:CGTACCGAAAACTCGA
51431,LSK_d2_3:ACCCGATTTTGGATCG
51453,LSK_d2_3:AGACGAGGATATGCAT
51481,LSK_d2_3:ATTATTCGTGCAAGGG
51531,LSK_d2_3:GCTACCGTAGCTATGA
51535,LSK_d2_3:AAGTCGGGGGCCTAAG
51537,LSK_d2_3:ACCCATGCTCCCTGAT
51580,LSK_d2_3:GCATCGAGTACCGGCA
51588,LSK_d2_3:GCTCGTAGTGTCTTTC
51604,LSK_d2_3:ACAAAGATTCATGAGG
51607,LSK_d2_3:GAATGCGCCTGGTGCA
51621,LSK_d2_3:GCATCGAGAGGAGCTT
51625,LSK_d2_3:GTGTCAGGTGCGACAG
51675,LSK_d2_3:CGTTGCCTACGCAGAG
51730,LSK_d2_3:ACTCGGAACCTGACAC
51733,LSK_d2_3:GCGTATTCCACAGTTT
51760,LSK_d2_3:CTAGCACGTCACGTTT
51779,LSK_d2_3:ATCCTAGTTTTATCAC
51780,LSK_d2_3:CCCTGTTTCTTTAATC
51856,LSK_d2_3:AGAGGTGCCTTACTCC
51885,LSK_d2_3:AATCGTTCGGGAACGA
51886,LSK_d2_3:GATTTCCCGTTAACCA
51889,LSK_d2_3:GGTAGCCAAAACGCCT
51903,LSK_d2_3:CTTAGGCCGGTGACAC
51914,LSK_d2_3:GTTACTAGTTGATCTA
51916,LSK_d2_3:GGGCATCAAGGATTCA
51917,LSK_d2_3:ATACACCCACGCTCAG
51919,LSK_d2_3:GCTATGGGATGGAAAT
51930,LSK_d2_3:CTGCGATGTGTGGCTA
51939,LSK_d2_3:GTCTGGAATAAGACGG
51958,LSK_d2_3:GATGTGGCGTAACGTT
52045,LSK_d2_3:CCTTTGTCAGCGCCTT
52050,LSK_d2_3:CAAGGAATAGCGAAGT
52056,LSK_d2_3:GACACAAAGTCAATAC
52086,LSK_d2_3:CGTGCAACGTCAAAGA
52109,LSK_d2_3:GCGTATTCCGGGTAGT
52111,LSK_d2_3:AAACACGGGGTTTCTC
52151,LSK_d2_3:TCCCTGGACCCAAGCA
52158,LSK_d2_3:CCTCATGACAGTTTGC
52210,LSK_d2_3:TCCAGAAGGGCCTAAG
52240,LSK_d2_3:CGGCTGTATGCCATCG
52295,LSK_d2_3:GCTTCTCCCACAACAG
52321,LSK_d2_3:CCACCTCTTCCCTGAT
52326,LSK_d2_3:CTGTTTCCTAGTCGCA
52336,LSK_d2_3:GAGGAGTGGACAGATA
52357,LSK_d2_3:AGCGTGGTCCGTGTTT
52364,LSK_d2_3:AAACTGTGAGAGACTA
52367,LSK_d2_3:CTCCCAAACCTACTAG
52369,LSK_d2_3:CTAGTAGGATGCATGG
52394,LSK_d2_3:CTAACGCCCCGCTGTT
52397,LSK_d2_3:ACAGGCCATCATCCTT
52426,LSK_d2_3:ATCCCACCCATCTCCC
52443,LSK_d2_3:TAGTAGCCCCGCAACT
52473,LSK_d2_3:CCGGAAATATCAAGTG
52492,LSK_d2_3:ATAAGCTAATTTCCGG
52499,LSK_d2_3:AGCCATCTCGAATAAT
52518,LSK_d2_3:AGGACACACCACATTA
52537,LSK_d2_3:CTTCTACGAATTCCCA
52558,LSK_d2_3:TACCTCCCAGGTTGTG
52594,LSK_d2_3:ACTCATACGTCCGTAC
52595,LSK_d2_3:GTCCGTCAGCGCATTC
52653,LSK_d2_3:CGAAACTCCGTGCTAG
52704,LSK_d2_3:TGAATAGGTGATAACA
52705,LSK_d2_3:TATGTGAATAAATAGG
52845,LSK_d2_3:TACCGCTCAGCACCAC
52894,LSK_d2_3:CTGCGATGCGAGATGT
52898,LSK_d2_3:GGATTGTTAGTTTAGA
52899,LSK_d2_3:CTGTTAAATGCAAGGG
52913,LSK_d2_3:GGCAAGGTGAATACGC
52939,LSK_d2_3:ATAAGCTAGTCTCTCT
52941,LSK_d2_3:AAGTCGGGAAACCTCC
52983,LSK_d2_3:TGACGTCGCGTATCGG
52985,LSK_d2_3:TGCGACTAAGCGCGAT
53033,LSK_d2_3:ATATGCAATGGCCTGT
53041,LSK_d2_3:ACAGGCCAGCCACATC
53081,LSK_d2_3:ACAATCTTCGGAATTT
53082,LSK_d2_3:GGTTACACACTCACCG
53083,LSK_d2_3:CTAGCACGGGCATGCT
53095,LSK_d2_3:CGTGTACACAGTTTGC
53105,LSK_d2_3:GGTAGCCAGTATGAGT
53138,LSK_d2_3:GATTTCCCTTGGATCG
53159,LSK_d2_3:CGTTTCGTGTTAACCA
53173,LSK_d2_3:CCGAGATCGGGAGGTA
53185,LSK_d2_3:GAAGATATAGAACGGG
53198,LSK_d2_3:GAGGAGTGAGGAGCTT
53206,LSK_d2_3:GGGTCTAGGGTGACAC
53239,LSK_d2_3:TGCCGGTATGAGGTCT
53242,LSK_d2_3:AGACGAGGCACAACAG
53243,LSK_d2_3:CTGTTGTGCCACATTA
53273,LSK_d2_3:AACGCCAACGGACAAC
53314,LSK_d2_3:GGTAAATCAAACCTCC
53316,LSK_d2_3:GTCTAATCACCCACGA
53343,LSK_d2_3:TCTAAACTTACGTGCT
53362,LSK_d2_3:AATGGCGTAAGCGTAC
53408,LSK_d2_3:GAAATACGGTCTCTCT
53424,LSK_d2_3:CAGTTTAATGGCCTGT
53455,LSK_d2_3:GCATCGAGTTAGGACC
53476,LSK_d2_3:GGAGTAAGATTTCCGG
53487,LSK_d2_3:AATGGCGTAGTGAAAG
53554,LSK_d2_3:TAGTAGCCTTCACATA
53587,LSK_d2_3:GTCCACTATAAATAGG
53591,LSK_d2_3:CCGTAGCTCTGAGTGC
53614,LSK_d2_3:GTCCGTCAACGTATAC
53615,LSK_d2_3:GTGAACTCTTCCAGAC
53616,LSK_d2_3:GGACTTCTAGCGCCTT
53639,LSK_d2_3:AACTGCCTGCAAGGAC
53643,LSK_d2_3:CTTAGTGTTGCCTCAC
53644,LSK_d2_3:ATTGGCCCCCTACTAG
53685,LSK_d2_3:TCGACTGCGGGTGTAT
53705,LSK_d2_3:CGTGCAACTTCACATA
53708,LSK_d2_3:AAAGAAAGTTGATCTA
53710,LSK_d2_3:GGGCATCATTTATCAC
53717,LSK_d2_3:CGTCGAATCCCTTGGT
53729,LSK_d2_3:CCTATTTACTTTCTTT
53755,LSK_d2_3:AGCACGTAGTCCGTAC
53758,LSK_d2_3:AGCATGCCAGCAGAAC
53770,LSK_d2_3:GATTAAAGAGGCAACG
53771,LSK_d2_3:TAGTCTCTTGTCTTTC
53774,LSK_d2_3:TCCAGAAGCCCATCTG
53775,LSK_d2_3:ATACTCTCAAAGCCTA
53785,LSK_d2_3:ATGACAACATCAGCGC
53808,LSK_d2_3:AAAGAGGCTTGGCGTT
53850,LSK_d2_3:ACTCGGAATTAAACTG
53874,LSK_d2_3:GTGCCCATCTCGCGTA
53905,LSK_d2_3:CGTTTCGTTGTCTTTC
53906,LSK_d2_3:CGTACCGAAAACGCCT
53913,LSK_d2_3:AGTAGTTAAAACGCCT
53914,LSK_d2_3:TGCGACTACACGGACT
53951,LSK_d2_3:GAGGAGTGCATACATT
54037,LSK_d2_3:CGTACCGATTGTTTAC
54048,LSK_d2_3:ATACACCCCGACGTCA
54058,LSK_d2_3:AGTGCTTCCTTAGGTA
54061,LSK_d2_3:CTTAGTGTGAAAGACC
54110,LSK_d2_3:AAGAAGGTTCATATGG
54111,LSK_d2_3:TCCGCTGTAGACACCA
54185,LSK_d2_3:GAATCCCACTGTCTGG
54214,LSK_d2_3:GGCACTTCCTAGACCC
54217,LSK_d2_3:ATCCCACCCGTAGAAG
54237,LSK_d2_3:ACAATCTTGAATTCGT
54261,LSK_d2_3:CGTGCAACTGGTTTCT
54325,LSK_d2_1:AGGGACTGTTGCATAT
54388,LSK_d2_1:TCCGCTGTGAGAGTAT
54395,LSK_d2_1:ACCTTCCCGCGTTGCT
54443,LSK_d2_1:TAATCCATGACAGATA
54469,LSK_d2_1:TAATCCATACCCACGA
54506,LSK_d2_1:CTCAAACAATTCAGTA
54536,LSK_d2_1:TATGTGAAACCTTCTT
54537,LSK_d2_1:CTGTTGTGTTTGGGAG
54538,LSK_d2_1:GTGAACTCGCAGTCGA
54548,LSK_d2_1:GCTACCGTAAGCTTCT
54550,LSK_d2_1:AAGAAGGTAAGTAATC
54577,LSK_d2_1:GGTAAATCGTGTCGGA
54660,LSK_d2_1:ATTTGTTGAGCGAAGT
54803,LSK_d2_1:GAGGGTCATAGTCGCA
54804,LSK_d2_1:TGAGAGCGTTGTGACT
54810,LSK_d2_1:ATTACCTTAGATGGCT
54820,LSK_d2_1:ACGAATTCCGTATTTC
54824,LSK_d2_1:CCAGCGAATAGAAATG
54839,LSK_d2_1:ATGTGCCGGGAATAGA
54841,LSK_d2_1:CCATCGTCATACCCAG
54850,LSK_d2_1:ACCCATGCAAGCGTAC
54879,LSK_d2_1:CGATGGCACATCTCCC
54894,LSK_d2_1:AGACCTCAGGGCCAAT
54915,LSK_d2_1:ACTGCTGGATATACCT
54917,LSK_d2_1:GTGTCACCGTGTCGGA
54938,LSK_d2_1:GATTTCCCCTCTTGAC
54948,LSK_d2_1:GGTTACACGGCCCTTA
54950,LSK_d2_1:ACGTAAACGGAAACAG
54953,LSK_d2_1:CTGTTTCCAAATCGTT
54954,LSK_d2_1:TCGCAATCCTGGTGCA
55036,LSK_d2_1:TCATTTCATCACGTTT
55051,LSK_d2_1:AAGTGAGAAGGTTGTG
55077,LSK_d2_1:GAATCCCACTACGAGC
55086,LSK_d2_1:TCCTATATCTGTTCTT
55153,LSK_d2_1:CTGAAGGGCCCGACTT
55200,LSK_d2_1:ACGGGTTAACCCATAT
55203,LSK_d2_1:GGCAAGGTGAATACGC
55233,LSK_d2_1:GCGGTAACCGTGGATA
55234,LSK_d2_1:AGGCCGAATAGCCTCG
55266,LSK_d2_1:GTGAACTCACGGTAGC
55270,LSK_d2_1:CGTCGAATAAGGTAAT
55271,LSK_d2_1:CCGGAAATAACCCTTG
55316,LSK_d2_1:GTAAACAACGACTCCT
55344,LSK_d2_1:CAAGGGTTGGTGACAC
55349,LSK_d2_1:GCGGTAACGGCCCTTA
55413,LSK_d2_1:AGACGAGGGTATGAGT
55414,LSK_d2_1:TCCGCTGTGTTGTCAT
55453,LSK_d2_1:CCGAGATCCTCTTGAC
55467,LSK_d2_1:GGTTGAGAAGCTATGA
55470,LSK_d2_1:GGTCTTTCCGAACGTA
55512,LSK_d2_1:GAGTGTACGGGAACGA
55535,LSK_d2_1:TGCTGACGAGTTTAGA
55537,LSK_d2_1:TACCTAAGAGCGAAGT
55605,LSK_d2_1:AGCCATCTGTCAAAGA
55610,LSK_d2_1:CTGGGTATGGAGAAGC
55699,LSK_d2_1:GAAAGACACCGCTGTT
55727,LSK_d2_1:ATTTCCATTTCCGCTC
55733,LSK_d2_1:GCTCGTAGCGTATTTC
55745,LSK_d2_1:GGGCATCACGCTCTCA
55763,LSK_d2_1:TAATGTGGTCCAGTCC
55765,LSK_d2_1:CTTCTACGGGGAAATC
55767,LSK_d2_1:GTCCGTCACGGACAAC
55770,LSK_d2_1:CACAACCTAAGTAATC
55788,LSK_d2_1:CTTAGGCCCTCTTGAC
55818,LSK_d2_1:ATTTCCATGGGTTGGT
55839,LSK_d2_1:CACAAGTAAACCCTTG
55842,LSK_d2_1:AACGTTACTCACCGAG
55851,LSK_d2_1:ATACTCTCCTTACTCC
55877,LSK_d2_1:AACGTTACGCAGGGTA
55880,LSK_d2_1:GCACTCAGATGGAAAT
55885,LSK_d2_1:ACCACAGATTGTCGCC
55886,LSK_d2_1:ATATGCAATACCGGCA
55911,LSK_d2_1:CACAAGTACTTCGCAC
55930,LSK_d2_1:AACGGTAGCCGCAACT
55966,LSK_d2_1:CGAAGAAGCGGGTAGT
56064,LSK_d2_1:ACCCATGCTGTTTGAG
56065,LSK_d2_1:GGCTATAAGTCAATAC
56068,LSK_d2_1:CCGGAAATGGTTAGTG
56096,LSK_d2_1:ACTCATACGTAACGTT
56100,LSK_d2_1:AGCGTGGTCGCCTTGA
56102,LSK_d2_1:AAACGATCAATGAATG
56106,LSK_d2_1:GGCGACAAATCAAGTG
56139,LSK_d2_1:TCGGTCATAGCGTAGG
56173,LSK_d2_1:AGGCGTTTTGTGCTCA
56180,LSK_d2_1:CGTGGGATATCAAGTG
56207,LSK_d2_1:AGGCCGAAAAAGCCTA
56216,LSK_d2_1:ACCCGATTGTGTCGGA
56326,LSK_d2_1:ACTTCGCTCTACTTGT
56329,LSK_d2_1:AAGGATGACGGGCTTT
56332,LSK_d2_1:GTGAACTCAATGACCC
56388,LSK_d2_1:TGAGAGCGCACGGACT
56405,LSK_d2_1:TCATACCATTTGGGAG
56417,LSK_d2_1:GGTAAATCATGTTGGC
56452,LSK_d2_1:CTGCTAGACAGTTTGC
56484,LSK_d2_1:AGCACGTAGAATTCGT
56489,LSK_d2_1:GTCAGACCGCATGGGT
56498,LSK_d2_1:GTACGGACGGACTTCC
56514,LSK_d2_1:AATGGCGTCCATTTGA
56523,LSK_d2_1:TCAAATGGTCATGAGG
56546,LSK_d2_1:GGTGTCGAATCAGCGC
56554,LSK_d2_1:TCGGTCATTTGAGGGT
56555,LSK_d2_1:GGTGTCGACGGGCTTT
56593,LSK_d2_1:ACGCTTAAACGGTAGC
56636,LSK_d2_1:GTGTCAGGCGGAATTT
56640,LSK_d2_1:TAGGCTTTGTCGTCGT
56671,LSK_d2_1:GATGTGGCTCATCCTT
56756,LSK_d2_1:ATGGTCTGCTACTTGT
56757,LSK_d2_1:GTGCGAAGATATGCAT
56758,LSK_d2_1:GGGCATCACACGGACT
56786,LSK_d2_1:CTCAAACAAACTTAGC
56790,LSK_d2_1:GATTTCCCTCCCTGAT
56828,LSK_d2_1:AGAAGCTTCCCTAACC
56830,LSK_d2_1:ACTCATACCATACATT
56866,LSK_d2_1:TAGGTACGAAACCTCC
56867,LSK_d2_1:AACTCAGTTACCGGCA
56872,LSK_d2_1:TAGATCAACGACGTCA
56907,LSK_d2_1:GATTGGGAATATACCT
56918,LSK_d2_1:CGGACTAAGCGCATTC
56928,LSK_d2_1:CGACATTTGACAAAGG
56939,LSK_d2_1:GCTAAGTTGATTGCGA
56951,LSK_d2_1:TGCTTGGGTACGTGCT
57051,LSK_d2_1:ATGACTTGGTACCTTG
57085,LSK_d2_1:GGAACGAAAGCGAAGT
57102,LSK_d2_1:GATGTGGCAGGCAACG
57146,LSK_d2_1:AAGTCCAACGACTCCT
57148,LSK_d2_1:CGTCGAATAAACCTCC
57182,LSK_d2_1:ATCGTAACTCCCTGAT
57222,LSK_d2_1:AGTAGTTAATGACTTT
57224,LSK_d2_1:TACCCTGCTGGCTACC
57231,LSK_d2_1:GGACTGGAGAGAATTG
57267,LSK_d2_1:TCCAGAAGTTAGTCCG
57305,LSK_d2_1:ATGGGCTCCCGCAACT
57322,LSK_d2_1:CTGTTAAATTATAGCC
57382,LSK_d2_1:GAGGAGTGCCTGTTAT
57470,LSK_d2_1:AAGTTGTCGTCCATGT
57491,LSK_d2_1:TGCGACTATCCAGTCC
57497,LSK_d2_1:AAACCGCCCTTCTGGA
57536,LSK_d2_1:GATTACTTGGCTACTA
57540,LSK_d2_1:GGCACTTCGATGTATT
57541,LSK_d2_1:AGGTTCCCTGCGTATC
57542,LSK_d2_1:AAAGCCCGATATCTTC
57555,LSK_d2_1:GAATGCGCTTCCGCTC
57567,LSK_d2_1:CAAACATTGCAGCATG
57581,LSK_d2_1:AACAGCGGCGGCTTAC
57606,LSK_d2_1:CAAGGGTTGAAGTGCC
57607,LSK_d2_1:GGTGTCGATCCCGTAG
57647,LSK_d2_1:CGTGTACACGCTCTCA
57683,LSK_d2_1:GTCTTCCTATTCGACG
57730,LSK_d2_1:AAAGTCATATCAAGTG
57759,LSK_d2_1:ACATGGACAATGAATG
57762,LSK_d2_1:CGATCCAAAGAAGTTA
57771,LSK_d2_1:AAACGATCCGTAGAAG
57801,LSK_d2_1:CGTTTCGTTGCCTCAC
57807,LSK_d2_1:GAAAGACATTGTGACT
57832,LSK_d2_1:GGTAAATCCGCTCTCA
57869,LSK_d2_1:TCTTTGACCTTCGATT
57880,LSK_d2_1:ACGGAGCATTCGCTGG
57894,LSK_d2_1:ACCGTCGATACCAGGC
57956,LSK_d2_1:TAGTAGCCATTTCCGG
57981,LSK_d2_1:GATTTCCCAAGGTAAT
58017,LSK_d2_1:ATGCATATGTTTGTTT
58092,LSK_d2_1:CAAGGTACGCAGTCGA
58119,LSK_d2_1:TAGATCAAGTTCTGTT
58121,LSK_d2_1:GATGTGGCAAGCTTCT
58177,LSK_d2_1:GTATTGACTTCGCTGG
58207,LSK_d2_1:TCCGCTGTTTAAACTG
58211,LSK_d2_1:AGACCTCATCCCTGAT
58252,LSK_d2_1:AGCATGCCACCTTGCC
58293,LSK_d2_1:GCTTCTCCATGCATGG
58322,LSK_d2_1:CGTTGCCTTGTAAAGG
58333,LSK_d2_1:GGTAGCCACTGCGTTG
58345,LSK_d2_1:GATGCAGATGTAGTTT
58364,LSK_d2_1:ACTTCGCTATATAGGA
58365,LSK_d2_1:AAACACGGAAACAGGG
58372,LSK_d2_1:AACAAATGTCCAGGGA
58399,LSK_d2_1:AAGGCGCTGTATGAGT
58403,LSK_d2_1:CTGTCGCACTTCGCAC
58417,LSK_d2_1:GCTCGTAGATCAAGTG
58474,LSK_d2_1:GTTCTGCTAAACTGGT
58497,LSK_d2_1:GTACGCTTTACGTGCT
58559,LSK_d2_1:TACGTTCGTGCGTATC
58605,LSK_d2_1:GTCCACTATCCGTCCA
58615,LSK_d2_1:GTGATAAAGACAACTT
58676,LSK_d2_1:CCCTCTTGTATTGCCT
58677,LSK_d2_1:GTGGTGCTCCGTGTTT
58690,LSK_d2_1:AAAGTCATGTTGTCAT
58713,LSK_d2_1:TCGGTCATAAGGTAAT
58800,LSK_d2_1:CTGAAGGGACCTTCTT
58827,LSK_d2_1:GGACTTCTCTAGTAAC
58842,LSK_d2_1:ATGACTTGCTTGGTGT
58860,LSK_d2_1:ATATGCAATCGACACC
58861,LSK_d2_1:CATGACGAAGGCAGTT
58862,LSK_d2_1:AAATTCCGGATGTGAG
58895,LSK_d2_1:CAAACATTAAGATTGT
58934,LSK_d2_1:AAACAAACACGTATAC
58944,LSK_d2_1:CTTTCACTAGTTTAGA
58956,LSK_d2_1:CTCCCAAACTTTCTTT
58968,LSK_d2_1:AGAAAGTGTGCGACAG
58970,LSK_d2_1:CTGTTAAACGCCTTGA
59003,LSK_d2_1:GGACTTCTTGTAGTTT
59009,LSK_d2_1:CTCCCAAATGGCTACC
59045,LSK_d2_1:CATGACGAGGCTACTA
59063,LSK_d2_1:ACGACGACAAGATTGT
59065,LSK_d2_1:ACTGCTGGAATGACCC
59088,LSK_d2_1:TACTGAATTCGACACC
59095,LSK_d2_1:CGGCTGTATAGTCTAG
59130,LSK_d2_1:TAGGCTTTTCACGTTT
59168,LSK_d2_1:TATCTGTCTCTCAACC
59171,LSK_d2_1:AGTGCTTCTTGATCTA
59182,LSK_d2_1:AGAGAGACAAACTGGT
59208,LSK_d2_1:AACGGTAGTCGACACC
59209,LSK_d2_1:TCGACTGCAGACACCA
59246,LSK_d2_1:TCTATTCCCAGATTAC
59287,LSK_d2_1:TCATTTCAGAAAGACC
59319,LSK_d2_1:TCATACCAAAACAGGG
59324,LSK_d2_1:TCGAGTTTGGGAACCT
59398,LSK_d2_1:GTCTTCCTGCGCATTC
59405,LSK_d2_1:ACGGGTTACGAGTCTG
59431,LSK_d2_1:CCGTAGCTCAAGAGGG
59470,LSK_d2_1:GTCCGTCAAAGATTGT
59480,LSK_d2_1:ATTGGCCCTGTACACG
59545,LSK_d2_1:ACCAGTTTAACCTGAC
59549,LSK_d2_1:GTGATAAAAAACTCGA
59620,LSK_d2_1:AGGCAATAAGCGTAGG
59658,LSK_d2_1:GTCTAATCGAACGATT
59668,LSK_d2_1:GACACCTGAGGAAGAC
59699,LSK_d2_1:TCGTTCCCCGTATCGG
59705,LSK_d2_1:CTGAAGGGAGAGGTGG
59733,LSK_d2_1:GTACGCTTAGCACCAC
59737,LSK_d2_1:GGAGTAAGGTTTACGT
59739,LSK_d2_1:GTATACGTGGCGTTAG
59767,LSK_d2_1:CGATGGCACGACGTCA
59768,LSK_d2_1:TCAAGGCGATGCATGG
59770,LSK_d2_1:GAGAAACCCTTCTTCG
59792,LSK_d2_1:TATCTGTCCGGCTTAC
59809,LSK_d2_1:AAGAGTATGATTTACC
59812,LSK_d2_1:AAGAGTATTGACGGAC
59816,LSK_d2_1:AAGCCTTCTAAGACGG
59841,LSK_d2_1:GGAGTAAGATGCGGAT
59920,LSK_d2_1:GGACTGGACGGCTTAC
59925,LSK_d2_1:TAGGCTTTGATGTGAG
59936,LSK_d2_1:CTTAGTGTCTTTCTTT
59964,LSK_d2_1:TCAAGGCGCAAGAGGG
60003,LSK_d2_1:CCACCTCTCAGTCCCT
60013,LSK_d2_1:CATTCGGGGTGTAACC
60030,LSK_d2_1:AGAAACCATATTGCCT
60042,LSK_d2_1:CAATTCTCCCAACCGT
60086,LSK_d2_1:CGTTGCCTGTAACGTT
60120,LSK_d2_1:GAAAGACACCCGACTT
60121,LSK_d2_1:TACTGAATCTGCGTTG
60122,LSK_d2_1:CAGATGGGACTAGCCA
60160,LSK_d2_1:GTCCACTAACATCTAT
60164,LSK_d2_1:CATTCATTTGCCTCAC
60211,LSK_d2_1:CTAGCACGGTAACGTT
60221,LSK_d2_1:GAAATACGTTAAGCGT
60238,LSK_d2_1:TAACTTCTGACAAAGG
60243,LSK_d2_1:TACCCTGCCTGTTCTT
60280,LSK_d2_1:TGGACGGAGTGGATGG
60295,LSK_d2_1:GGAGGTTTGCTTACCT
60297,LSK_d2_1:CGTGTACAGATGTATT
60309,LSK_d2_1:TCAGCCTCGTCCGTAC
60322,LSK_d2_1:CCACCTCTTTAGTCCG
60365,LSK_d2_1:AAGGATGATTTGTGTC
60403,LSK_d2_1:GGAGTAAGACGCAGAG
60437,LSK_d2_1:TAGCCACAAGTGAAAG
60438,LSK_d2_1:CGTCGAATGTTTGTTT
60439,LSK_d2_1:CCAGACAGCTGTCTGG
60442,LSK_d2_1:AATACATCCTAGATTG
60457,LSK_d2_1:ATCCTAGTCTCGCGTA
60478,LSK_d2_1:CGTGTACATTTGTGTC
60483,LSK_d2_1:AAGTCCAACCGCTGTT
60488,LSK_d2_1:ATTGGCCCACCCACGA
60496,LSK_d2_1:AATCCGGCGCTCTAGT
60508,LSK_d2_1:CCGGAAATATGACCGA
60515,LSK_d2_1:TAATCCATCGACGTCA
60527,LSK_d2_1:GCGCTGATTAGTCTAG
60558,LSK_d2_1:CCAGCGAAGCTCTAGT
60566,LSK_d2_1:ATTGGCCCTGCCTCAC
60572,LSK_d2_1:CGTGCAACCGCTAATA
60584,LSK_d2_1:CTAACGCCGAATTCGT
60585,LSK_d2_1:TCGTGGGTTGTAGTTT
60602,LSK_d2_1:TAGATCAAAGTTTAGA
60624,LSK_d2_1:GGCCCAATGCTTTGGC
60636,LSK_d2_1:ACGCTTAAGCATGGGT
60699,LSK_d2_1:TAGTCTCTATGGGCAC
60707,LSK_d2_1:GCTATGGGGGCCCTTA
60743,LSK_d2_1:CAGGTTGCTCTCACTT
60796,LSK_d2_1:CCATGCATGGCCTAAG
60814,LSK_d2_1:GAGGAGTGGTCAATAC
60848,LSK_d2_1:AGGGTAAAAGCAGAAC
60888,LSK_d2_1:TGAATAGGCGCTAGTC
60889,LSK_d2_1:CCTACGCTTGAGGTCT
60891,LSK_d2_1:CGATGGCAAATTCCCA
60905,LSK_d2_1:AGTTGAACGGGCCAAT
60962,LSK_d2_1:CACAACCTGCCGGATT
60966,LSK_d2_1:AAACTACACAACAAAT
60978,LSK_d2_1:GCTATGGGGTCATATT
60999,LSK_d2_1:TCGACTGCGATTAGAC
61052,LSK_d2_1:TCCGACACATGTTGGC
61069,LSK_d2_1:CCATCGTCCGCTCTCA
61103,LSK_d2_1:GGTCTTTCGGCTACTA
61149,LSK_d2_1:GGAAGTCCCACAAGGC
61184,LSK_d2_1:GTTACTAGACCACGCT
61305,LSK_d2_1:CCACGTTGCGGGTAGT
61341,LSK_d2_1:TCCAGAAGCGGAATTT
61355,LSK_d2_1:ACAATCTTCCTCGTCT
61379,LSK_d2_1:CTGAGCGTGTCGTCGT
61384,LSK_d2_1:CGGACTAATTGGCGTT
61417,LSK_d2_1:ACCAGTTTCGGCACAT
61423,LSK_d2_1:TGGTGTCTAGCACCAC
61450,LSK_d2_1:ACGGGTTACTGTCTGG
61463,LSK_d2_1:GGCTATAAGGGAACGA
61479,LSK_d2_1:AAACACTAAAGCGTAC
61487,LSK_d2_1:GTAATCTGGCCTCTTT
61520,LSK_d2_1:CCGATACGTACCGGCA
61526,LSK_d2_1:ACCACAGAGGAAACAG
61635,LSK_d2_1:CGTCGAATCTATAGAG
61659,LSK_d2_1:GCGCTGATGTCGTCGT
61704,LSK_d2_1:TAGCGGATACGCTCAG
61722,LSK_d2_1:ATACTCTCTTGATTCT
61742,LSK_d2_1:TATCTGTCCATTTGTT
61743,LSK_d2_1:ACTTCGCTCTCTTGAC
61746,LSK_d2_1:GGGATTACTAGTCTAG
61754,LSK_d2_1:CATTTCTAAGCGTAGG
61796,LSK_d2_1:AGCAACGCGGATAAAG
61816,LSK_d2_1:TCCGCTGTCATACATT
61819,LSK_d2_1:AGGTAAGCGTCCGTAC
61858,LSK_d2_1:AAGTGAGAGTTGCACG
61861,LSK_d2_1:GGACTGGAAAACCTCC
61874,LSK_d2_1:CGGTGAGTTGCCATCG
68480,LK_d2:TGCTTCATAGCGAAGT
68482,LK_d2:GAATCCCAATGGGCAC
68483,LK_d2:TAGTCTCTTAGTGTTT
68486,LK_d2:CCTATTTAATGGAAAT
68487,LK_d2:CTGTTTCCTGTAGTTT
68488,LK_d2:GTAATCTGGTTTACGT
68490,LK_d2:TAACTTCTGCAAGGAC
68496,LK_d2:GTGATAAATTGCATAT
68497,LK_d2:CCCTCTTGCCAACCGT
68500,LK_d2:GCGTATTCGTTTACGT
68501,LK_d2:GAGCGGAATGTAAAGG
68502,LK_d2:GGGTCTAGGTTGCACG
68506,LK_d2:CGGACTAACTCAGAAT
68509,LK_d2:GGTGTCGACGTGGATA
68513,LK_d2:GTAAGCCGATCAAGTG
68516,LK_d2:ACGAATTCGGAGAAGC
68522,LK_d2:TATTAGCGCGCTCTCA
68527,LK_d2:GTGGTGCTGATTAGAC
68529,LK_d2:TGGTTAACTCTCACTT
68533,LK_d2:GGGTCATTGAAGGCTT
68537,LK_d2:TGCTTGGGCGTACCTA
68538,LK_d2:AAGTTGTCCAGTCCCT
68540,LK_d2:TATCTGTCATTGGGCC
68541,LK_d2:CATGCTGCTTGTCGCC
68543,LK_d2:CTGGGTATCCCTTCAG
68546,LK_d2:GTCTAATCTGACCAGT
68548,LK_d2:GTAAACAACCCGACTT
68550,LK_d2:ACAAAGATCTCCGCAT
68551,LK_d2:GAGAAACCGTGTCGGA
68565,LK_d2:AAATTCCGCGTGGATA
68570,LK_d2:CGTGTACATGCTCCGT
68572,LK_d2:GAGGAGTGATGCGGAT
68574,LK_d2:GTGAACTCTCGGTTTA
68577,LK_d2:ACGGTTGGAGTGAAAG
68590,LK_d2:GGCTATAAGTTGCACG
68591,LK_d2:TCGGTCATAAATCAGA
68592,LK_d2:AGAAAGTGCCGCTGTT
68596,LK_d2:AATGTATGGAAAGACC
68601,LK_d2:TCCGCTGTGTGGATGG
68602,LK_d2:ACAAAGATTTGCATAT
68603,LK_d2:GTGTCAGGTGAAATGA
68606,LK_d2:ACCAGTTTGTGTAACC
68613,LK_d2:CTGTTTCCGCCGGATT
68615,LK_d2:ATTATTCGACGTATAC
68619,LK_d2:GGGAGATGTGATGCCC
68620,LK_d2:GCACTCAGTTAAACTG
68621,LK_d2:GTCCTTGCCGTGGATA
68624,LK_d2:CCCGTTCTTTTACCCT
68625,LK_d2:ACGTAAACTGTGTCCT
68626,LK_d2:CACTTGATACCCATAT
68634,LK_d2:TGCTTCATATGCGGAT
68636,LK_d2:AGGAGTCGGGTGACAC
68637,LK_d2:CGAAACTCCAAGAGGG
68639,LK_d2:GGCCCAATACTAGGAT
68643,LK_d2:GAAGATATCTAGTAAC
68645,LK_d2:ACTGCTGGAAATCAGA
68646,LK_d2:CACAACCTGTCAATAC
68649,LK_d2:CGAAACTCGTCGTCGT
68651,LK_d2:GTGAACTCCGCTCTCA
68653,LK_d2:TCGAGTTTGGGTGTAT
68654,LK_d2:AGTTTGTATGTTTGAG
68655,LK_d2:ATCGCGCTTAAGACGG
68657,LK_d2:GATTTCCCCTCAGAAT
68659,LK_d2:ACCACAGAGTTCTGTT
68661,LK_d2:CGAGGCTAGGCGTTAG
68662,LK_d2:AGTTTGTATTGAGGGT
68670,LK_d2:CGTGTACACTGGTGCA
68674,LK_d2:TAGCCACAGGCGTTAG
68675,LK_d2:ACTGGTCAAAAGTCGG
68676,LK_d2:AGCATGCCGTTCAACT
68679,LK_d2:GACACAAACCGTGTTT
68680,LK_d2:TACTGAATATATAGGA
68682,LK_d2:AAACACGGGTAATCCC
68687,LK_d2:CGAAGAAGCTGTTCTT
68688,LK_d2:GCTATGGGGGGAGGTA
68689,LK_d2:ACTCGGAAGTCTCTCT
68692,LK_d2:AATCCGGCTTGGACTT
68696,LK_d2:TATCTGTCCTCTTGAC
68697,LK_d2:TCAAGGCGGTGGATGG
68699,LK_d2:GAAAGACACGTCAGCA
68700,LK_d2:TCGTTCCCGAAAGACC
68701,LK_d2:GGACTTCTACCCATAT
68703,LK_d2:CTTTGGACGCACCTCT
68704,LK_d2:GTCTTCCTACCCACGA
68705,LK_d2:GTGCCCATGTTACGAT
68706,LK_d2:GGAACGAAAACAATCC
68707,LK_d2:CATGCTGCTTCCGAGT
68708,LK_d2:TCCAGAAGCACAGTTT
68709,LK_d2:ACAATCTTTACCGGCA
68712,LK_d2:CTCTATAGAATTCCCA
68713,LK_d2:GTTACTAGAGGATTCA
68714,LK_d2:AGAAACCACTAGATTG
68715,LK_d2:AGCTTCGAAATTCCCA
68719,LK_d2:CCTCATGACAGGTGTC
68723,LK_d2:TCATAGCTACTGAGTT
68728,LK_d2:GTTGTCCGTCGGTACG
68731,LK_d2:AAACACTACCTGACAC
68733,LK_d2:CGAAACTCTTGTCGCC
68734,LK_d2:AGGGACTGTTGAGGGT
68735,LK_d2:AAACCGCCGAATTCGT
68738,LK_d2:AAAGTCATTGATGCCC
68740,LK_d2:AGACCTCACATACATT
68742,LK_d2:CTCACATCGTATGAGT
68751,LK_d2:CGAAACTCGCTCTAGT
68756,LK_d2:TACCTCCCCGTAGAAG
68757,LK_d2:CATGCTGCGTTAACCA
68758,LK_d2:CCTATTTAGACAGATA
68761,LK_d2:GAAGATATCAGGTGTC
68763,LK_d2:GTGCCCATGGGAACCT
68764,LK_d2:TCTTTGACTGTTCCAG
68767,LK_d2:TAAGGGCCAAACTCGA
68771,LK_d2:CATTCGGGGTGGATGG
68772,LK_d2:TACTGAATAGCGCCTT
68777,LK_d2:AGGGTAAATTTGGGAG
68782,LK_d2:GGACTTCTCGAACGTA
68783,LK_d2:CCGAGATCCGGGTAGT
68787,LK_d2:CTCTGCGTCTGCGTTG
68788,LK_d2:CCCGTAAGAACAATCC
68790,LK_d2:TACCTCCCAAGCTTCT
68791,LK_d2:ACGGCAGTAAATGTCG
68792,LK_d2:CGTTGCCTGCTTACCT
68798,LK_d2:CTCCTCCATGTTTGAG
68799,LK_d2:TACTGAATCGCTAGTC
68800,LK_d2:TACCTCCCTAGCTTAT
68802,LK_d2:CCTCATGAAAGATTGT
68808,LK_d2:TAGGCTTTATCCGCTA
68810,LK_d2:TGGGAATTCTTCGCAC
68811,LK_d2:TGAGCACAGATGTATT
68813,LK_d2:CCCTGTTTGTCGTCGT
68817,LK_d2:AGTTGAACCCACATTA
68819,LK_d2:TACCGCTCTGACCCTC
68821,LK_d2:GTGATAAAAATTCCCA
68822,LK_d2:TAGCCACAATACTCTT
68826,LK_d2:CTTTGGACTGTCTTTC
68828,LK_d2:GTACGGACATCCCACG
68830,LK_d2:AACTCAGTTTGGATCG
68841,LK_d2:GAGTGTACCGGAATTT
68849,LK_d2:CTCCTCCACTTCAGGT
68851,LK_d2:CCTCATGATGCTCCGT
68852,LK_d2:CGTACCGACGCTCTCA
68853,LK_d2:AAGAACAGCGAGATGT
68861,LK_d2:AACTGCCTGGTCACAG
68862,LK_d2:GGGATTACTAAGACGG
68866,LK_d2:CTCCTCCACATACATT
68867,LK_d2:TACTGAATAATTCCCA
68871,LK_d2:CTTAGTGTCAGTCCCT
68874,LK_d2:AAACACGGTAGTGTTT
68876,LK_d2:TGCTTGGGCATCGCAG
68880,LK_d2:AGGTAAGCACCCACGA
68887,LK_d2:TGCTTGGGTTGATCTA
68889,LK_d2:CTTAGTGTGGCATGCT
68894,LK_d2:ATTGAAGTTTGATTCT
68896,LK_d2:CTGAAGGGTTGCATAT
68899,LK_d2:AGTGCTTCAAACCTCC
68906,LK_d2:ACTCGGAAGTTGCACG
68908,LK_d2:TGAATCCTTAACTACT
68909,LK_d2:AACAGCGGTGTCTTTC
68913,LK_d2:GCATCACTAAACTGGT
68915,LK_d2:GGTCTTTCTCACGTTT
68916,LK_d2:GTCTAATCTACAGCCG
68917,LK_d2:GAGTGTACGAAAGACC
68919,LK_d2:TACCCTGCAGAAGTTA
68923,LK_d2:CTGAGCGTAAACTGGT
68925,LK_d2:TCCTATATAGCGAAGT
68926,LK_d2:CTTAGGCCAAACCTCC
68927,LK_d2:TGGGAATTGGGTTGGT
68928,LK_d2:GAAAGACAAGGATTCA
68939,LK_d2:TGGACGGAAAACTGGT
68942,LK_d2:AACTCAGTAGGATTCA
68944,LK_d2:GTCCTTGCACGAAACG
68947,LK_d2:AAACGTGAGCCTCTTT
68948,LK_d2:GGAGGTTTAATCGGGT
68950,LK_d2:CAAGGTACTACGTGCT
68956,LK_d2:ACCAAGGGGAGCGGTA
68965,LK_d2:CTCCTCCATTAGGACC
68966,LK_d2:ACCACAGAACAGCGGA
68968,LK_d2:GATACGCATAACTACT
68970,LK_d2:TCTAAACTGTTAACCA
68974,LK_d2:CTGTTAAAACTAGGAT
68977,LK_d2:AAACGATCAACAATCC
68979,LK_d2:ATTACCTTGCGTTGCT
68980,LK_d2:AAAGCCCGGCATGGGT
68982,LK_d2:AGGGTAAAGTTTGTTT
68985,LK_d2:TCGACTGCAGACACCA
68987,LK_d2:GGTTAGGGGGACTTCC
68995,LK_d2:TGACGTCGTTGGCGTT
68996,LK_d2:ACTACCCGCAGGTGTC
68997,LK_d2:GTCAAGAGCGAGATGT
69001,LK_d2:CTGTTTCCTGGAGGAG
69002,LK_d2:CGAAGAAGGGAATAGA
69005,LK_d2:GGAGTAAGCTTTCTTT
69007,LK_d2:GTAATCTGTCTCAACC
69008,LK_d2:ATGACAACGGTCTGAC
69009,LK_d2:AAGGATGATGCAAGGG
69013,LK_d2:ATGTGCCGCCGCAACT
69015,LK_d2:CATGCTGCATGACCGA
69016,LK_d2:AACAGCGGGAAAGACC
69020,LK_d2:CCTTTGTCCGACTCCT
69026,LK_d2:AAGTCGGGAAGTAATC
69027,LK_d2:GGTCCTAACATACATT
69030,LK_d2:TATTAGCGGAGGCTGA
69034,LK_d2:TAAACCGAATACCCAG
69037,LK_d2:TCCGCTGTAAAGCCTA
69039,LK_d2:GTGAACTCTGGCTACC
69041,LK_d2:CATGCTGCCTAGTAAC
69050,LK_d2:TACCCTGCCGTGGATA
69053,LK_d2:AATATGACAGACACCA
69054,LK_d2:AAGTATTGCAACGTGG
69056,LK_d2:AGAAACCACGCTAGTC
69059,LK_d2:CGAAGAAGAGCGCGAT
69061,LK_d2:GGGTCATTTAGCTTAT
69062,LK_d2:GGTCCTAATATTGCCT
69064,LK_d2:CGGCTGTAGGCTACTA
69068,LK_d2:GAAGATATCGAACGTA
69069,LK_d2:GGAGGTTTTTAGGACC
69074,LK_d2:AGGTATATTGGCTACC
69079,LK_d2:GTCTAATCACCTTCTT
69082,LK_d2:ACGGAGCAGTGTAACC
69088,LK_d2:GGTTGAGACATACATT
69089,LK_d2:CCATCCACCAGTTTGC
69090,LK_d2:CTAACGCCGATTGCGA
69091,LK_d2:ATATGGGTGAGGCTGA
69093,LK_d2:AAATTCCGAATCGGGT
69096,LK_d2:CTGTGACCGCACCTCT
69098,LK_d2:CGTGTGTTTCGACACC
69100,LK_d2:TGAATAGGAGCGCCTT
69101,LK_d2:GTAAGCCGGGGCCAAT
69104,LK_d2:GAAAGACACTGAGTGC
69105,LK_d2:AAGGCGCTCGTATTTC
69106,LK_d2:CTCACATCTCCCAATC
69112,LK_d2:TCAGCCTCATATAGGA
69113,LK_d2:CCTATTTAATTTCCGG
69115,LK_d2:ACTCATACCAGATTAC
69116,LK_d2:TGCTTCATCCTGTTAT
69118,LK_d2:GGAAGTCCTGAGGTCT
69120,LK_d2:GATTGGGAGGCTACTA
69121,LK_d2:ACGGTTGGTCACGTTT
69126,LK_d2:GTGCGAAGATTTCCGG
69134,LK_d2:CGAAGAAGGGGTGTAT
69135,LK_d2:TGACGTCGGATGTGAG
69136,LK_d2:GGCAAGGTAATGAATG
69137,LK_d2:AAACGTGAATCAGCGC
69139,LK_d2:GGAACGAATCTGTGGT
69140,LK_d2:TCAAATGGACCACGCT
69141,LK_d2:AACGTTACTTATAGCC
69144,LK_d2:GGGATTACTGTAGTTT
69146,LK_d2:GTTACTAGGACGATGG
69151,LK_d2:TGGTGTCTGTATGAGT
69152,LK_d2:ATCCCACCGAAAGACC
69154,LK_d2:TCAAGGCGAACACACG
69156,LK_d2:CGTTGCCTAGGAAGAC
69163,LK_d2:TATCCACGATACCCAG
69164,LK_d2:GATGTGGCTGGGATTC
69165,LK_d2:GGACTGGATAGTCGCA
69168,LK_d2:AGCTTCGAAGCGAAGT
69170,LK_d2:GGCAAGGTTGTAGTTT
69171,LK_d2:ACCTTCCCCTAGATTG
69173,LK_d2:GGGCATCATGCAAGGG
69178,LK_d2:TATGTGAACGTATTTC
69181,LK_d2:ATGCATATTCTGCATC
69184,LK_d2:GCCAACATATCTTTGT
69188,LK_d2:AGAGGTGCAAACCTCC
69192,LK_d2:TACGCGAGAAAGCCTA
69197,LK_d2:CACAACCTCGGGCTTT
69198,LK_d2:AGTCCGTGACTAGCCA
69207,LK_d2:CGTTGCCTCAAGAGGG
69213,LK_d2:AAGGGACCTGATGCCC
69219,LK_d2:AGCATGCCGTCTCTCT
69223,LK_d2:CCTTTGTCTTGATCTA
69225,LK_d2:ATGTGCCGTCTCACTT
69228,LK_d2:TATTAGCGCCCTTCAG
69229,LK_d2:ATGGTCTGGAGAATTG
69230,LK_d2:GAGTGTACAAACGCCT
69233,LK_d2:CACAACCTGTCCGTAC
69238,LK_d2:AAAGAGGCTCGAAGCT
69242,LK_d2:GTCAAGAGTCATATGG
69248,LK_d2:ATTGAAGTTAACTACT
69251,LK_d2:GAGCGGAACGTATCGG
69253,LK_d2:GTTGTCCGAGAGACTA
69254,LK_d2:CCTACGCTCAGTCCCT
69257,LK_d2:GATTACTTGGGTGTAT
69262,LK_d2:AATGGCGTGCCTCTTT
69265,LK_d2:GATTAAAGGAGAGTAT
69268,LK_d2:AGAAGCTTTGGCCTGT
69269,LK_d2:ATAGATGTCCCATAGC
69270,LK_d2:TAGGCTTTGTGTAACC
69271,LK_d2:AGGCAATAGAGAGTAT
69275,LK_d2:GTTCTGCTTCTCACTT
69276,LK_d2:TCTAAACTAGCGTAGG
69277,LK_d2:CTCTGCGTTCGACACC
69280,LK_d2:CCATCGTCCCGCAACT
69284,LK_d2:CCAGCGAATCGTCATG
69290,LK_d2:ACATCTCGTGCCTCAC
69296,LK_d2:TGCCGGTACTAGTAAC
69297,LK_d2:CGTGTGTTTTAAGCGT
69299,LK_d2:CAATTCTCCGTATTTC
69301,LK_d2:ACACCAAGTCCAGTCC
69308,LK_d2:GTTACTAGCCCTTCAG
69312,LK_d2:CCCTTGCATTGGCGTT
69313,LK_d2:CGTGTGTTACGCAGAG
69317,LK_d2:GGTTACACCCGCAACT
69322,LK_d2:GCCTGGTATATTGCCT
69324,LK_d2:GGGTCATTTGCGTATC
69326,LK_d2:AATACATCATCCGCTA
